"cbsa","cbsatitle","metrosize","cases_feb20","cases_mar20","cases_apr20","cases_may20","cases_jun20","cases_jul20","cases_aug20","cases_sep20","cases_oct20","cases_nov20","cases_dec20","cases_jan21","cases_feb21","chg_traj","rank_traj","szrank_traj"
10420,"Akron, OH","Large",0,0.774950340127538,3.19838971739028,4.13153997902315,2.93778018486219,7.00206609097486,6.58937064356966,6.0935247060206,12.8485849292152,47.682067742368,72.7123523278247,50.1883519094432,24.4194516518211,-25.7689002576222,124,38
10580,"Albany-Schenectady-Troy, NY","Large",0,1.75876932461536,7.07648165964509,4.47386946949032,1.86282984298843,3.55784377958648,2.75174117247111,3.08957144690765,4.97951565031723,17.3182595565632,56.3392440318453,73.6228167489508,23.6301912791978,-49.992625469753,21,7
10740,"Albuquerque, NM","Large",0,0.583304326241688,3.97232588758245,3.19411826839575,3.2788028121453,11.2936150875951,4.98268394343803,3.69273805088789,22.2042170935014,74.6753694735107,66.9956643621929,40.0828460809574,17.2032107680428,-22.8796353129146,145,45
10900,"Allentown-Bethlehem-Easton, PA-NJ","Large",0,2.33130415600445,20.9860687888108,8.86277760290873,3.66091188694535,4.45623056705114,3.11477522482562,3.89786411263761,9.49719807814929,38.9154538661915,73.5086953058847,70.0614226030715,31.6077343914491,-38.4536882116224,60,18
11100,"Amarillo, TX","Midsized",0,0.158215465853877,10.0608809055799,26.7019024679544,9.48238025350905,16.5639422328559,14.1541989836969,35.3136919785854,57.6391112526125,122.290007407324,75.1280054396911,37.5335766687198,13.6899843750926,-23.8435922936272,137,52
11260,"Anchorage, AK","Midsized",0,0.553483294205592,1.11022237249475,0.496507072743251,2.59051886915441,12.1277957112696,12.7138368463108,13.3899546743306,37.2624488363706,88.5991096353004,72.0179439283981,29.4892643368656,19.4829607900458,-10.0063035468198,181,74
11460,"Ann Arbor, MI","Midsized",0,2.72911609721305,7.98873416194914,4.63335466022022,4.28000286542565,6.16025562779279,4.65968053897147,7.93432734586322,17.0240682591425,39.4721450703344,31.9508415111019,25.7203835399725,20.2762544948774,-5.44412904509506,189,80
11700,"Asheville, NC","Midsized",0,0.278880128954172,1.5201291029077,3.3256455377785,4.14253191550676,13.8115383864554,10.1860967100511,8.71012362756117,13.2398341220993,19.7184519178122,49.0410706765911,55.455313642537,29.9265768380491,-25.5287368044879,127,49
12060,"Atlanta-Sandy Springs-Alpharetta, GA","Very Large",0,1.28970875000785,5.91603209816992,5.39834468480643,8.47124858231163,25.9709942305278,21.8939714308561,11.0879231444035,19.7442782422265,25.6822787902304,56.1106357710104,74.0599309170482,34.1021145660201,-39.9578163510281,54,14
12100,"Atlantic City-Hammonton, NJ","Midsized",0,0.37926195623317,11.7950468388516,15.2928208158536,8.38168923275306,6.14159683964682,4.69795455463024,4.7534165181224,13.8369442741844,34.4875538868029,51.4083464545736,115.075418075135,43.7505756654693,-71.3248424096662,6,2
12260,"Augusta-Richmond County, GA-SC","Large",0,0.497924080350115,4.061436062487,2.43135269022024,4.72374571688178,30.060842084967,29.5258385518249,23.273889673443,20.436075553093,30.0502479555979,62.6854634772687,85.2244737101383,44.5240988444378,-40.7003748657005,51,17
12420,"Austin-Round Rock-Georgetown, TX","Very Large",0,0.404116056743283,2.88568799037425,3.32707735605491,16.2394785765356,25.7185831667875,14.1252322055932,7.24265777252127,7.01336898477052,19.3062704293763,37.7942661957078,53.8401360043174,29.0771124637667,-24.7630235405507,132,40
12540,"Bakersfield, CA","Large",0,0.361925936193102,2.99562394514416,4.83762389961077,8.90540863791312,53.346449624819,35.0172301829604,10.3828548111054,8.06270649935129,28.0640715454235,96.7954790935454,90.1016409865284,36.4283317998151,-53.6733091867133,17,5
12580,"Baltimore-Columbia-Towson, MD","Very Large",0,0.899752554222966,9.10458956788794,12.6817876016471,7.44509717018452,12.9686485312265,12.1299547290827,8.49983911018827,10.8062470660838,30.1541911290013,36.8172754518022,37.1628910296087,15.2344055120181,-21.9284855175906,151,46
12940,"Baton Rouge, LA","Large",0,1.89046587871344,12.6995787342688,10.3315280956435,11.334871163807,38.9111459906049,24.7571789026725,13.8342355999956,8.35050097723125,33.3105622127291,51.6463203232553,54.5895606134679,23.265478958883,-31.3240816545849,90,27
13140,"Beaumont-Port Arthur, TX","Midsized",0,0.287605367307799,3.73613067626513,2.50627534368225,12.3207400255925,41.0782637477625,19.8940741214909,10.3422890083885,10.8961347728612,18.1796722224628,63.3635710660126,47.5945796413364,25.4008364808415,-22.1937431604949,150,58
13820,"Birmingham-Hoover, AL","Very Large",0,1.18922649543383,3.08133909861661,3.86054869786355,10.7418904687884,33.3367994453826,24.7548440641549,20.7868113795565,21.9681491420189,43.9579922997091,87.1123199279601,67.7563274910856,24.010732283119,-43.7455952079666,36,9
14260,"Boise City, ID","Large",0,1.08933109129189,3.13222157264218,0.787935137179507,8.7025928921706,42.449467308485,25.91144074069,14.2818625684395,27.6337033356179,64.989148453955,79.0647700766519,41.1792986447257,15.6642858477611,-25.5150127969647,128,40
14460,"Boston-Cambridge-Newton, MA-NH","Very Large",0.00070762618862536,3.21586428083607,29.2248672400689,15.4756021320267,5.83074544411449,3.93609078094921,4.91117684222371,1.36602518206202,11.8678499025996,29.2111864670888,65.6147524735428,62.4518460235974,26.5345920934376,-35.9172539301597,71,23
14500,"Boulder, CO","Midsized",0,1.05814078137862,4.83349479045318,3.95566647244344,4.12839724174014,5.00391808764096,4.21278479315227,22.4404958981717,14.0920618080798,54.4560121317654,34.0187316630136,25.9392828930479,17.6931310360292,-8.24615185701871,185,77
14740,"Bremerton-Silverdale-Port Orchard, WA","Midsized",0,0.748604120673558,1.08052488952247,0.118826050900565,0.736721515583502,4.49162472404135,4.76492464111265,2.73814829958535,3.94502488989875,11.4928556431026,16.5881167057188,14.936434598201,8.38020723976233,-6.55622735843867,187,79
14860,"Bridgeport-Stamford-Norwalk, CT","Large",0,6.39462889472225,33.3004004245942,14.5503454262263,4.07774427949721,3.72735053221778,3.79574228510251,4.67138469453667,13.4389794418494,50.000070671478,61.4944446063049,53.817470344994,31.1093322090511,-22.7081381359429,149,47
15180,"Brownsville-Harlingen, TX","Midsized",0,0.198200144487905,2.95394446111782,2.76717894035037,12.06784777182,66.1302405166376,76.8178021540239,14.3994945997957,10.7028078023469,14.7382135646705,25.7202802885459,40.5243064652963,20.2387394793158,-20.2855669859805,160,62
15380,"Buffalo-Cheektowaga, NY","Very Large",0,1.3727042843502,9.63075980164004,9.63180839519058,4.19332560863063,4.02087963290913,4.45556932295336,5.31331884729941,6.43169153229917,40.6743718655334,58.3256330819216,61.1997326772798,29.8066802171917,-31.3930524600881,88,26
15940,"Canton-Massillon, OH","Midsized",0,0.40574140315115,2.66653250150936,3.16478294457897,2.8090829811498,5.33144203740611,5.68849447217912,5.50915677198631,12.9269211043956,54.1607969410344,84.678230837645,56.9417485182324,22.3888106258805,-34.5529378923519,74,30
15980,"Cape Coral-Fort Myers, FL","Large",0,0.86236174844598,3.52117093208509,3.71317898481352,15.918807162252,41.142190600617,13.6345253140221,7.97238086957349,12.8642604513325,28.2212766104707,44.0474287240224,50.3100169554553,23.563048023939,-26.7469689315163,115,34
16300,"Cedar Rapids, IA","Midsized",0,1.19329035282642,7.56932032386924,3.69801861816505,3.43061130807622,11.1295001224009,13.114379125122,17.9466143162706,34.7826415714949,129.606297674509,32.8213920807109,27.2802715314476,11.4193835992013,-15.8608879322462,167,68
16620,"Charleston, WV","Midsized",0,0.50192651946333,3.30644094696469,1.12933466879249,1.46520716473337,7.66692758480237,9.92559692238735,20.2146722992861,18.5587330571566,34.6333481150693,52.601899239757,47.2940262964323,19.0467669675991,-28.2472593288332,109,44
16700,"Charleston-North Charleston, SC","Large",0,0.699756798318267,2.27313717032239,1.18636928450511,19.9138451922941,48.2550679483959,18.849196055849,12.8949627778983,11.5741383078159,18.7461092784722,35.0803365041968,66.2677731188989,44.6716869218683,-21.5960861970306,153,49
16740,"Charlotte-Concord-Gastonia, NC-SC","Very Large",0,0.813521604986865,3.18052286228349,4.83586602182418,14.7358326731473,23.2606011988275,15.2758560623624,13.1910795182544,18.0785297420991,30.5170915812344,61.7554648741984,76.1688657011988,39.4256075395512,-36.7432581616476,64,19
16860,"Chattanooga, TN-GA","Large",0,0.34244593377986,1.48621535260459,6.43798355506137,11.0227638651507,20.7465161548299,20.5581708912509,18.5187151078509,22.9267552665616,44.0143856209844,90.0062062618065,71.6111521855984,33.3640181196949,-38.2471340659035,62,19
16980,"Chicago-Naperville-Elgin, IL-IN-WI","Very Large",0.000364567494204862,2.01320050420799,15.7931367624535,21.7151452657854,7.18609924852031,9.43540659824129,12.8970337569252,12.2097785574143,26.1317040544511,80.3975469502566,56.7123663635851,38.6095910352165,15.85226700596,-22.7573240292565,148,45
17140,"Cincinnati, OH-KY-IN","Very Large",0,0.402280374956679,3.33302119087151,4.82300767231455,5.87218006298074,11.6922718367373,9.13771884197625,10.4882868541202,21.0579979670464,60.165459515723,75.6635651091803,66.3631913863552,30.0930201686907,-36.2701712176645,68,20
17300,"Clarksville, TN-KY","Midsized",0,0.282947093085402,2.4148311783943,1.66624399261403,3.95252636822385,16.1699023937324,12.8688529744027,15.0412578779806,22.8453578861547,41.474454767938,67.2575719785966,65.5494098981181,27.0914356256439,-38.4579742724742,59,24
17460,"Cleveland-Elyria, OH","Very Large",0,1.15272106973649,3.79962270641511,4.71324339032967,4.91103268863418,11.407529274824,7.29741726387828,4.79549812240057,9.72254082589221,56.4866394037635,72.7899262382921,51.044126713714,20.5120347847846,-30.5320919289294,96,29
17780,"College Station-Bryan, TX","Midsized",0,0.597082726908496,2.05242110140723,3.69216461741376,20.2471971230848,26.7468690931459,16.511165203286,28.31837458322,21.8483536601415,32.2721183000413,46.6090087841836,58.2582146397861,57.0531693986712,-1.20504524111489,191,82
17820,"Colorado Springs, CO","Large",0,1.2673272945404,2.99011385227229,3.46893000075564,2.90966235848917,9.81854252084202,6.74754463987381,4.25052058820769,18.0842847046874,75.7495509242312,60.5116343024581,28.7635717020262,20.491187017734,-8.27238468429218,184,55
17900,"Columbia, SC","Large",0,1.21963310742932,5.04910151834832,4.79773654562892,15.9543656638833,30.5562338776142,20.7606947876613,26.5018194655983,17.2403026952391,23.6154826921173,49.5894357150049,78.0295869141139,52.6960924213895,-25.3334944927245,130,42
17980,"Columbus, GA-AL","Midsized",0,0.261241209233309,5.17056639505619,5.56644730443282,21.5959399632869,39.5177567659464,25.702115893031,15.937388386368,11.7859976319489,14.7745300806525,37.4579703085299,58.0256916662447,27.5325985967385,-30.4930930695061,97,39
18140,"Columbus, OH","Very Large",0,0.650550830355936,6.78047242788503,6.75630476853303,6.2684423117186,15.7408981288927,11.2007221235815,12.3531192136474,16.5388868810816,53.7992870216229,75.6766933218723,54.5672308639675,20.8048696083448,-33.7623612556228,79,25
18580,"Corpus Christi, TX","Midsized",0,0.24060613497523,0.63710499490316,1.45867469328733,17.2406827279282,79.2646835909022,53.1889937129617,14.482484274384,6.97005897256368,27.4732105119216,45.2339533753432,47.9106966269426,24.3992344084647,-23.5114622184779,139,54
18880,"Crestview-Fort Walton Beach-Destin, FL","Midsized",0,0.645593951532204,1.56830249980396,1.67627903204853,6.68284124916464,34.6468753988949,20.6363540296785,14.2902787482137,22.4485475778391,41.8994249947626,58.5904826539665,59.4965794280468,36.4780807990117,-23.0184986290351,144,56
19100,"Dallas-Fort Worth-Arlington, TX","Very Large",0,0.516682022587004,2.8763953708653,5.02455163927147,10.1076577347438,25.1990039358817,21.1622392796105,12.5857152615948,19.4682208098425,40.7735095914471,72.049242173575,83.3080543920579,36.6804074673576,-46.6276469247003,25,6
19340,"Davenport-Moline-Rock Island, IA-IL","Midsized",0,0.263732554091547,5.49442821024056,4.16016835325053,4.79114139932977,14.4712604680555,14.1139453947702,18.065679955271,32.8474642370149,110.248998695403,54.2608461288995,35.3741922552468,13.968406347063,-21.4057859081838,155,60
19430,"Dayton-Kettering, OH","Large",0,0.379454481059849,1.54777485695465,2.60026175968381,5.06844673157415,11.7191520782063,10.1454145462318,13.492469353026,23.530172083406,67.288995981151,78.2634852830177,54.9170490535986,18.3566098034821,-36.5604392501165,65,20
19660,"Deltona-Daytona Beach-Ormond Beach, FL","Large",0,0.472988609903368,2.42881259990175,1.64098089150148,7.43106935082876,25.6765245376114,13.8035451461595,10.4783065141552,11.5254775556045,20.7870450028552,32.6410404977192,49.4224833205152,22.7420645904558,-26.6804187300594,116,35
19740,"Denver-Aurora-Lakewood, CO","Very Large",0,1.68941673582966,8.45230195478019,8.28944826943444,4.286813431611,8.68842892712394,6.75766694331862,8.19055469860477,23.5811701524331,73.3802254104461,51.756597142457,33.4676281933822,19.5467908045156,-13.9208373888666,173,49
19780,"Des Moines-West Des Moines, IA","Large",0,0.512038627825046,6.48751403800797,19.1207217327461,10.810934488025,20.7721616314971,23.4338399040652,18.9096019021143,28.5357743398715,91.6212397682227,51.6651588436083,45.1332066183807,19.2541680932796,-25.879038525101,122,36
19820,"Detroit-Warren-Dearborn, MI","Very Large",0,4.72561491410639,18.6520647953794,4.86451573174605,5.53519758294057,7.08543525680173,8.65217673748998,7.39878355293938,14.3949040904416,53.2553451542559,38.8653449098851,23.2733547405382,11.7371190905515,-11.5362356499866,179,53
20260,"Duluth, MN-WI","Midsized",0,0.212274090092699,1.38536774586814,0.804407078246017,0.727318066580774,3.9996907501677,8.15579398777212,14.3039219760886,25.99798987609,98.9152570549852,63.6710547072785,30.0758868699761,10.5757984171184,-19.5000884528577,163,65
20500,"Durham-Chapel Hill, NC","Large",0,0.926140217528811,6.36800663803909,7.70448537717211,17.4589946412526,16.350129461887,14.803224990447,9.69426843191328,13.6918567294124,21.3542903345454,35.2934515328547,45.951573279443,24.7585171626906,-21.1930561167524,156,50
21340,"El Paso, TX","Large",0,0.19107420542556,3.45130968120008,7.03917372787762,12.5455501798314,31.9170352742855,23.7046659250949,15.7954676485129,93.6301821426328,147.802139654048,47.9863759505751,57.9910213466574,42.4192924939261,-15.5717288527313,170,52
21500,"Erie, PA","Midsized",0,0.167432711185271,0.902143393838731,2.29622003911228,4.05346620793293,3.77919548103896,5.09473821178037,2.69407205283347,7.84541846696696,40.0774113180686,74.112893658223,46.2831851633569,23.4760308797858,-22.8071542835711,147,57
21660,"Eugene-Springfield, OR","Midsized",0,0.135088618555925,0.296632091579051,0.194189889174142,0.68050891597547,2.95506353091085,1.82369635050498,5.0252966102804,10.7311021365363,15.7389498002532,21.6226220076077,18.2538495823693,10.9087074854859,-7.34514209688341,186,78
21780,"Evansville, IN-KY","Midsized",0,0.3583251106252,2.85636302469802,2.7744601422694,2.48609374371865,17.9674448327779,14.9882274844369,26.2573815825944,45.7837112775969,68.4469213696155,84.0630709526718,81.0940914646344,22.8622389714917,-58.2318524931428,11,6
22180,"Fayetteville, NC","Large",0,0.244973616035336,2.74023404003526,4.56875793905902,6.08800264783816,13.5225436051505,13.2163265851064,16.2452212027033,16.9521742296453,22.5357353731306,43.9298936955366,59.1795012937363,37.3132000717108,-21.8663012220255,152,48
22220,"Fayetteville-Springdale-Rogers, AR","Large",0,0.361837614033124,0.803882565843591,5.55420737540845,33.5449600925275,24.8099990688712,11.7778143367782,25.8551067107369,24.3999164396337,46.8183699006426,71.9755320580889,83.8377751714748,26.2330116378693,-57.6047635336055,12,2
22420,"Flint, MI","Midsized",0,1.47056450519916,11.4666936084683,3.43396684457318,5.92226797400116,5.79481905021723,4.00629465200204,6.24261256621482,20.8661179791773,64.1099882622456,51.3664207167404,21.5258847571856,10.7280235689133,-10.7978611882722,180,73
22660,"Fort Collins, CO","Midsized",0,0.894804520913977,2.46568356874074,1.98845449091995,1.42897570461111,5.63094158110513,5.36882712548386,6.37902226306789,16.3053268255436,54.2917370647345,43.800229377264,25.4431790542712,21.5947448918121,-3.84843416245903,190,81
22900,"Fort Smith, AR-OK","Midsized",0,0.167495382281153,0.239647239263804,0.734402830001979,7.98824130879346,23.6941544626954,26.0004370341052,25.9750979890934,32.8806319678079,49.3939587593729,61.5094580777096,93.9777937199024,29.6991400087642,-64.2786537111381,9,4
23060,"Fort Wayne, IN","Midsized",0,0.304422248333152,4.39590930392188,8.46137736392657,8.70309383290221,7.26710546661959,12.0207759598219,12.2359530533018,26.0710335751981,88.966751600474,73.5921271098706,50.1594196868931,20.6544362445084,-29.5049834423847,102,41
23420,"Fresno, CA","Large",0,0.219552216151998,1.654821017428,3.80987669204938,10.8897899211391,31.5929181624603,32.8359711509679,12.2043050035315,9.5989520385278,23.2675842248848,86.6327215263296,74.5056902929928,24.7257999227019,-49.7798903702908,23,8
23540,"Gainesville, FL","Midsized",0,0.872295198808817,2.04580993818008,1.30354226338846,10.5733939379208,28.8347469089387,21.18011151265,33.2089642935271,24.443867705946,27.2842176903819,36.1953502157412,55.8562959327129,23.8943077291683,-31.9619882035446,87,36
24340,"Grand Rapids-Kentwood, MI","Very Large",0,0.443134071710471,5.22259452803277,8.61716120528875,4.73065582545148,8.82375749547809,6.0032690120236,10.5503834956112,26.7587108032194,89.6287564470269,52.2838321635692,36.2321986605973,15.4708755050328,-20.7613231555646,159,48
24540,"Greeley, CO","Midsized",0,2.53497973805607,15.6244221737362,7.07806107253303,3.2255546104886,7.16753094564089,5.33836909543572,7.43726604456607,17.8840335245603,78.6665516150372,56.5051954161204,35.6984793700367,21.4511121559677,-14.2473672140689,171,71
24580,"Green Bay, WI","Midsized",0,0.0998992416248971,11.0558490706274,13.0868006528615,6.1627842158399,12.0278686916376,17.9219239475065,55.372151647848,86.5726827921359,85.4841140558966,58.1013989290402,43.4262003343428,16.2143604817324,-27.2118398526104,113,46
24660,"Greensboro-High Point, NC","Large",0,0.29255186766993,2.25432110601658,5.97641672525714,9.47937706457162,14.0090551489944,10.5402258609081,12.1785163198597,20.946713725167,32.2514751335858,48.4340513489546,65.6193839183653,32.7922284038167,-32.8271555145487,83,24
24860,"Greenville-Anderson, SC","Large",0,0.567728085722175,2.9441257087358,3.88297974679117,17.5271444406903,27.7626042906856,14.5261291069038,17.9580804300379,23.1717166839199,37.9766867251074,77.6070275204788,106.624240790723,51.4989200475095,-55.1253207432137,16,4
25060,"Gulfport-Biloxi, MS","Midsized",0,0.78006644466954,3.32004517176844,1.3129831246913,5.65046149425975,22.8381829394834,21.3475609214516,11.0774584096505,26.6458340010882,30.7024369610414,52.9518370757858,67.9816321384286,25.5502102676273,-42.4314218708013,44,21
25180,"Hagerstown-Martinsburg, MD-WV","Midsized",0,0.313506860873717,3.86434528272198,4.84815966993998,4.40813039735651,5.00491310037684,5.91184366219009,8.75841131443275,14.2309721489462,42.334249669101,81.2430636607032,69.0946728018466,21.8671035459417,-47.2275692559049,24,11
25420,"Harrisburg-Carlisle, PA","Large",0,0.457687080570955,5.04665124410046,5.6262021611649,5.87141824742203,5.43084791945779,6.03923684363138,5.55420016922143,10.5602921517103,33.3944122323905,68.9488842230854,53.119609095046,27.3137124476621,-25.8058966473839,123,37
25540,"Hartford-East Hartford-Middletown, CT","Very Large",0,1.35203199834051,17.1248462152845,14.8348699065441,4.54818209659575,3.10833495064026,2.84596042422962,4.58968010842601,11.2954910910863,37.857252925679,60.1855036092963,56.5122602395474,26.3838430929346,-30.1284171466129,100,30
25860,"Hickory-Lenoir-Morganton, NC","Midsized",0,0.218130272808552,1.49666451183041,5.19150049284354,13.8576708113454,21.1150104078678,13.5066264923055,11.5675937872194,30.0496263821061,46.9555950458601,83.5351692747631,84.6868971151922,34.9017784933946,-49.7851186217976,22,10
26420,"Houston-The Woodlands-Sugar Land, TX","Very Large",0,0.509015344237879,3.83424748152256,3.57360727775257,12.5731050842791,27.3681344278572,23.1051879843655,20.7850366982487,12.4030833072636,19.8679873498137,39.1202259137009,57.9190984342136,28.5536738814419,-29.3654245527717,103,31
26580,"Huntington-Ashland, WV-KY-OH","Midsized",0,0.0906448775718558,2.01382703005473,0.616385167488619,1.62042826139288,6.73491440358888,7.7320080568793,14.6868873633759,21.2652882783574,56.3590569294851,72.9781909331011,65.6994072640811,25.37020630554,-40.3292009585411,53,23
26620,"Huntsville, AL","Midsized",0,0.834099976043555,1.05265240146043,1.1896179986195,7.12836424881594,30.9369048491564,14.9112462930409,14.1436919981462,17.4272199912707,36.8640283947687,75.821055199369,63.8359957075301,25.7965439897686,-38.0394517177615,63,26
26900,"Indianapolis-Carmel-Anderson, IN","Very Large",0,2.19092804337671,12.0460613621256,10.6032209565548,4.08283872497815,8.90210294416724,12.8034787148075,10.0616828397533,19.6717038160104,66.9064952806337,87.00581102846,58.5019771298522,17.3050661424694,-41.1969109873829,48,12
27140,"Jackson, MS","Large",0,1.12262138492865,6.09722609836933,10.8140436789745,14.6322218224654,36.3740175300312,20.4620796393034,10.9055165325613,16.4488437704763,31.9431881991775,58.7017095191677,53.3543438885414,20.5108892647351,-32.8434546238063,82,23
27260,"Jacksonville, FL","Very Large",0,0.715690293423505,2.61406224417778,1.70028156414486,12.2303059371915,42.1119615138993,19.1726396813366,14.8764294517395,15.7245017647557,29.3937726753335,55.5259833429497,67.7692516862263,25.0581728849959,-42.7110788012305,40,11
28020,"Kalamazoo-Portage, MI","Midsized",0,0.292075765427138,4.27566467722504,5.84151530854275,3.01811624274709,5.33038271904526,5.11132589497491,13.9713631070501,26.5788946538695,54.4644226972402,32.4204099624123,24.1814394126551,10.7655128480131,-13.4159265646421,174,72
28140,"Kansas City, MO-KS","Very Large",0,0.574010851495769,2.61817709998656,3.47545632741579,4.53508434546345,13.9705870262486,13.24559936225,13.6129762726735,18.3638627880873,45.5037635330408,45.0284606239767,37.1343165959841,16.3048551131906,-20.8294614827935,157,47
28420,"Kennewick-Richland, WA","Midsized",0,1.44272614086261,6.39716255245673,10.303648632877,22.4178826838266,35.9712540046417,14.9440588322187,9.06728257435172,14.4487946346091,49.7643619080678,58.3981088659613,43.2494843869038,19.5610131961146,-23.6884711907892,138,53
28660,"Killeen-Temple, TX","Midsized",0,0.259296243365082,2.24489810697157,2.13744200611757,6.57537897138769,18.1717610552881,13.4553726286745,11.3693226707915,8.76701622837075,17.8940103946024,42.3423757408602,48.6005256145093,39.1977830751856,-9.40274253932375,182,75
28700,"Kingsport-Bristol, TN-VA","Midsized",0,0.1890108662347,1.13931549924805,0.336019317750578,0.683589299548831,11.340651974082,17.3574978825533,12.2395036490648,33.3499172867448,48.773553991619,82.3667352636103,54.7921500007035,21.112213741168,-33.6799362595356,80,34
28940,"Knoxville, TN","Large",0,0.434291573563091,0.997262131885616,1.3548412337652,3.36384188332186,19.2461693070481,19.4169164214404,20.746887966805,26.5289049252599,45.014878383883,100.27681076758,63.2989248202682,32.4082795551509,-30.8906452651173,93,29
29180,"Lafayette, LA","Midsized",0,1.53639032807341,5.96884345481565,5.51254212132775,18.7446213974861,56.9849150867398,28.2880450962872,9.58013001994384,7.16762354770726,33.8507012368997,58.7389057617077,50.4041530806571,16.0390766514555,-34.3650764292017,77,33
29460,"Lakeland-Winter Haven, FL","Large",0,0.324905275647188,1.88563746734053,2.42121191715165,12.9189162091696,38.5079512999927,20.1307748185237,13.8939287532579,13.9397715524246,20.4522678469837,43.5818145087296,58.1758473696492,32.6307264165392,-25.5451209531101,126,39
29540,"Lancaster, PA","Large",0,0.727060187106279,10.0294898764455,8.25183757073468,7.82446804611855,6.40167628159431,7.12873646870059,7.70841426557503,11.1364340854328,41.6877395899759,66.8186045125966,61.9419813063959,33.6708665919036,-28.2711147144923,108,32
29620,"Lansing-East Lansing, MI","Large",0,0.843974790707439,4.57250693900639,2.39126190700441,3.240120811084,4.62427854075118,3.35831635469002,14.0566736495812,16.3578725060032,53.0895308971259,41.3371819365248,29.3046802328972,15.3527219740148,-13.9519582588824,172,53
29700,"Laredo, TX","Midsized",0,0.431425902251484,3.92791907040855,2.1338091922168,11.9524408522861,53.5551126767855,54.9659919787431,36.8332779087084,18.108227735042,51.1834362303544,84.6993987555345,152.596507642302,33.9647953798584,-118.631712262443,1,1
29820,"Las Vegas-Henderson-Paradise, NV","Very Large",0,1.23669089693747,4.57343189005529,3.81111417951501,12.4085589351404,37.2145764728594,25.8651979883067,11.4056391444594,21.6114936258831,49.9754049362183,76.4015966547582,62.7254176909273,19.8414886741386,-42.8839290167888,38,10
30460,"Lexington-Fayette, KY","Large",0,0.904625292973819,1.41828609151298,3.27536744007762,6.5563497957668,13.613050960475,20.2698453577375,22.1961773321781,24.9239865202097,54.6749288278252,54.2463236028094,64.0287543571745,31.6006113734019,-32.4281429837726,86,26
30700,"Lincoln, NE","Midsized",0,0.0767195193828989,2.37830510086987,9.51322040347946,5.17281359439196,13.0423182950928,10.5585238550715,25.2496724875684,33.5551997900954,77.7408479846837,58.594532928689,40.9298635907765,16.234055800134,-24.6958077906425,133,50
30780,"Little Rock-North Little Rock-Conway, AR","Large",0,0.699577090440631,2.52340208481505,1.99444648765372,8.14044124514178,18.8842362425775,17.2982384909575,20.0884358139902,23.7334786831474,40.2846325711043,66.2860156190797,75.6499201526173,33.0450856391609,-42.6048345134564,43,12
30980,"Longview, TX","Midsized",0,0.123785119385684,2.47682770698082,3.94987062767045,4.75597432936692,17.1048528605672,14.9554930603249,13.9190740152866,13.2225013889253,28.8381817526405,58.0327146065428,69.1058561952258,26.4003919069032,-42.7054642883226,42,20
31080,"Los Angeles-Long Beach-Anaheim, CA","Very Large",0,0.857054765011023,5.57203581630968,8.72604291792909,14.131126776881,26.1937515122495,16.0204064861602,8.88700615120971,10.7201415722655,28.3573489590471,111.125657363873,104.040980506876,24.4463477218663,-79.5946327850101,4,2
31140,"Louisville/Jefferson County, KY-IN","Very Large",0,0.716501368186136,4.75321738012354,4.98236182717334,5.08783966797038,12.0224339893154,20.3297701371817,18.5227927839626,28.5631613039897,56.9753728535429,61.2187948355193,68.7458839418733,29.5147020762541,-39.2311818656192,57,17
31180,"Lubbock, TX","Midsized",0,0.790793403021251,4.78913827576541,1.61161693527116,16.7981869543046,33.0331421515206,20.2002669278087,48.4189120277708,74.1443890655495,136.671455804942,100.56089274369,49.8199843903388,14.5070549282095,-35.3129294621294,72,29
31340,"Lynchburg, VA","Midsized",0,0.134629925588816,1.46705821944662,1.05256123642165,2.187940275554,7.90644835730684,15.7027449573137,12.5332301333758,21.7610916088105,24.5099899076512,55.8591800352143,84.4619196807655,31.0439998222186,-53.417919858547,18,8
31540,"Madison, WI","Large",0.00518643012050411,1.02373438410854,1.31354986851967,1.86795136436866,6.12655702034749,11.6589276066958,8.19472689459393,29.8556849886819,38.7126855488247,74.6166515006806,39.542347063908,30.2317011724185,17.9198569849303,-12.3118441874881,176,54
31700,"Manchester-Nashua, NH","Midsized",0,0.835410579159987,6.84211578042883,11.6029247105554,6.48242511440162,3.62011250969328,2.29737909268996,3.08534660192235,9.02707542481208,29.910277161641,64.117761950529,61.6888830444527,25.3924482088261,-36.2964348356266,67,28
32580,"McAllen-Edinburg-Mission, TX","Large",0,0.141107007496533,1.13578763227034,0.89491549491222,12.9694668820059,48.2363165099989,39.1163478149599,17.0560000859515,14.3372146301082,27.5390129621764,32.3060780321009,44.147926634902,53.9923949370403,9.84446830213827,192,57
32820,"Memphis, TN-MS-AR","Very Large",0,1.37559509765707,6.62434514943161,8.29910422157913,16.7973581863905,35.0680889617001,25.0075519931211,15.7845143859727,25.0914297429782,43.1312969972524,67.5838978206044,57.602445587605,21.5313327987867,-36.0711127888183,69,21
32900,"Merced, CA","Midsized",0,0.116169924071338,1.38048593104773,1.8587187851414,6.75837894939019,39.9276029033187,43.5288705495302,11.5360606933641,7.91117182925809,30.0225679439163,84.4439178074553,78.8329104748097,35.2538379223773,-43.5790725524325,37,17
33100,"Miami-Fort Lauderdale-West Palm Beach, FL","Very Large",0,2.03650189802186,8.69430595394548,5.82702148524673,19.1762312681059,73.5259314854012,32.8775000741783,13.0684867410213,15.9033378375964,42.1314909448187,61.131152145116,69.4979159152064,42.9846430762998,-26.5132728389066,120,38
33340,"Milwaukee-Waukesha, WI","Very Large",0,1.75709677153128,5.51048484013563,11.0791299929886,9.18837372345196,22.4040077861914,16.5285874627377,23.9041615799432,50.3004789071694,102.430686713489,66.9212217949874,41.3409236910279,14.823712098752,-26.517211592276,119,37
33460,"Minneapolis-St. Paul-Bloomington, MN-WI","Very Large",0,0.385497041230451,2.18495587368977,11.9060982734048,7.09515427885513,11.8786260704666,14.0179130992719,12.7819002870754,25.3329159094567,93.117031859239,53.6142195342552,26.1650577984576,14.3571694855567,-11.8078883129009,177,51
33660,"Mobile, AL","Midsized",0,0.420558838584711,8.03192281904194,9.14715473921747,11.2679728823661,35.1467029388652,32.5933099903151,10.3755370135836,29.3715288875858,22.0703270505848,46.3290620576622,56.264764619226,26.0995918519386,-30.1651727672874,99,40
33700,"Modesto, CA","Large",0,0.228464845118409,2.02786958679887,2.16748699214901,10.0243344350416,38.018893456884,34.0939845792088,10.9081223743629,12.9639154422318,29.8490296492694,81.2397556949256,78.8438038576582,33.3949909459298,-45.4488129117284,32,10
33860,"Montgomery, AL","Midsized",0,0.440719357690423,4.27728218453928,17.2917536223243,27.9407431219695,31.5935288571801,25.3370422891828,16.3858304981828,23.8939024316475,29.4498468572245,65.1573324899175,75.5099166176258,29.57294788043,-45.9369687371958,30,14
34820,"Myrtle Beach-Conway-North Myrtle Beach, SC-NC","Midsized",0,0.331084318671643,1.38860658360519,1.81122597861546,22.1774558714915,34.4911957863223,10.445385661621,8.67375996425847,17.9499635515116,20.8760564646345,44.1640513710429,70.3326962448741,49.5643426529056,-20.7683535919685,158,61
34940,"Naples-Marco Island, FL","Midsized",0,1.22360429910856,3.89709588414713,7.90314283602311,23.2613323218204,44.887839904284,16.9963665656998,9.88996333265784,15.3872431038584,27.4528754505476,39.8006631264833,44.4520356333686,22.9464717178473,-21.5055639155213,154,59
34980,"Nashville-Davidson--Murfreesboro--Franklin, TN","Very Large",0,1.64265699719266,6.80515827205848,9.59912048308724,14.2823883916993,37.6393588087698,20.0804394956313,16.4054461256006,28.6606123388355,59.5214400397315,100.378850069059,66.7535779529215,31.5541425142385,-35.199435438683,73,24
35300,"New Haven-Milford, CT","Large",0,1.95112989479334,27.3723019134873,14.2919321307203,4.04013460355789,2.57383092504653,2.39268153442742,3.12759454831412,10.8500937089572,47.1985995239973,67.6291058311347,59.2886859713798,33.8818100181856,-25.4068759531942,129,41
35380,"New Orleans-Metairie, LA","Very Large",0,9.15797649088785,32.760606466068,7.37563673579961,9.50521960651592,28.2533857473246,15.1371931906497,10.4051065303456,8.45722752734889,27.2038703008456,55.5927511074246,63.8519408842081,24.0591384247969,-39.7928024594112,55,15
35620,"New York-Newark-Jersey City, NY-NJ-PA","Very Large",0,7.11262098552349,29.9757777065184,7.64980265070345,2.44758991839968,1.89087946143348,1.9600416008254,2.78688728766897,6.28418613625376,19.0355191265362,32.3484084000561,47.4059462135913,24.1188092708233,-23.2871369427679,141,43
35840,"North Port-Sarasota-Bradenton, FL","Large",0,0.497170272532171,3.19794821554091,2.88281677406251,10.5854873685028,37.64234148699,13.5970288487868,8.50263940246557,13.2578739341912,29.5302441073921,39.7582056700921,47.8246969910985,23.890738381267,-23.9339586098315,136,44
35980,"Norwich-New London, CT","Midsized",0,0.328411778743876,6.74947022314729,6.25198719534638,2.38808071210053,1.62989549450664,2.12859486222883,5.98277062610449,21.2859486222883,28.2547654779052,55.550244204566,74.6224541701363,31.9158907199902,-42.7065634501461,41,19
36100,"Ocala, FL","Midsized",0,0.247067202014233,1.34033957092721,0.644139490965679,3.86601345627986,37.2365568750023,31.8010784306891,11.6527481064284,10.165050597157,19.3118313688697,41.9573051992028,59.2167140256256,30.4604867503721,-28.7562272752535,106,42
36260,"Ogden-Clearfield, UT","Large",0,0.636798940970342,1.56463858311009,1.58963883782967,7.29189819418286,16.5850746403831,8.8774489400458,12.7413247858249,32.1748561211756,72.1878424170108,80.4064796131885,64.7553767528952,23.5531375494877,-41.2022392034075,47,15
36420,"Oklahoma City, OK","Very Large",0,0.579246270100475,2.73016548966725,1.71942272270932,5.42957521558607,20.8093650155858,16.1845528985781,22.0731750594414,27.9869818407439,61.9704981250813,72.1447795143718,73.5917504341485,27.8880422604472,-45.7037081737013,31,8
36500,"Olympia-Lacey-Tumwater, WA","Midsized",0,0.532941562069483,0.653963708456095,0.544044511279264,1.25056217932832,4.29684134418521,3.90823812184288,2.87973492671017,7.02816684979131,12.9989628365045,19.507881761585,18.5752340279634,9.84633327957391,-8.72890074838953,183,76
36540,"Omaha-Council Bluffs, NE-IA","Large",0.0472146652527448,0.519829949693372,2.51024636927093,15.2041766331885,14.099509676912,15.5031637937964,16.8859794116082,17.9754705044296,41.1922765364865,99.8165238108278,70.1872359527168,43.7098843320603,18.823086161586,-24.8867981704743,131,43
36740,"Orlando-Kissimmee-Sanford, FL","Very Large",0,0.806406159795293,2.32093257524723,1.26773974507696,16.2490841198751,39.919578548394,16.050203582306,10.3048895122348,12.7243965827822,26.1718377070004,43.4791443887174,58.7217049919646,27.455179043644,-31.2665259483206,91,27
37100,"Oxnard-Thousand Oaks-Ventura, CA","Large",0,0.568134459200434,1.52087179838756,2.21534309258693,7.13154910642872,16.845758662735,13.0823444934006,8.27417299640901,6.49350995985463,21.6231720972822,74.3264765986179,115.807918086145,32.4719074940705,-83.3360105920744,3,1
37340,"Palm Bay-Melbourne-Titusville, FL","Large",0,0.198282955350644,1.3733327574196,0.734182834676709,7.59209359041237,19.4370886231564,9.72122381097482,10.0508022367604,14.4371427490442,21.1149911453263,29.3565953894818,44.5386389707893,27.5596082584131,-16.9790307123761,166,51
37860,"Pensacola-Ferry Pass-Brent, FL","Large",0,0.885665750130973,3.46179786681628,2.56714710182891,9.84821806939114,54.7379940787469,30.6774078668554,12.2887192475298,12.3800668985699,30.3471016064201,59.7952738693498,82.7840761662277,30.9870699860135,-51.7970061802141,20,6
37900,"Peoria, IL","Midsized",0,0.128851543774373,1.13174605948491,1.57843141123606,2.71286187788294,8.48004222465089,17.9103645846378,18.5739500350758,26.2937681514579,89.4412253481159,77.2626069357081,48.9877462987193,22.9321234112015,-26.0556228875178,121,48
37980,"Philadelphia-Camden-Wilmington, PA-NJ-DE-MD","Very Large",0,1.83321880649484,18.0955118345674,13.5265963204719,5.79604793759343,7.03315346609397,6.28887085953551,7.31074409544345,11.549595646801,39.4372693474986,57.5745942177044,50.617031953839,23.9845749604643,-26.6324569933748,117,35
38060,"Phoenix-Mesa-Chandler, AZ","Very Large",0,0.555431354933133,2.36853661824303,4.1129300683957,28.0276833158758,47.5891238013659,11.731205671387,6.21100899323115,11.9848005036276,34.6758880614505,83.2762402705556,107.555500777333,29.9004651645398,-77.6550356127935,5,3
38300,"Pittsburgh, PA","Very Large",0,0.765530526573652,2.81756989989644,1.34594185308495,1.89132435853181,10.8941953299854,5.56749473871747,5.235300885974,11.3312436669747,38.0594868254516,77.5746879419199,47.3765964791163,21.6187311997633,-25.757865279353,125,39
38860,"Portland-South Portland, ME","Large",0,1.40773354898613,2.94026617146394,5.2715128642885,4.17208294645621,2.79150567586186,2.1325665678258,3.17548746518106,3.26474376254231,13.4385639121015,37.9489022673496,46.4372360499596,16.7528849980103,-29.6843510519492,101,31
38900,"Portland-Vancouver-Hillsboro, OR-WA","Very Large",0.00138350957308381,0.627711682110445,1.79344345958854,1.3317841667869,3.22579092060221,6.9941318146904,5.82542326016312,4.92294211390412,8.58606041055812,27.0995859967507,29.3523159558408,20.6963659971714,8.97294898045978,-11.7234170167116,178,52
38940,"Port St. Lucie, FL","Midsized",0,0.435120644120956,2.53424811515296,4.50943212998082,18.1007990375307,31.7374360727013,19.092566445065,10.4163047528733,10.007774814782,17.1742997266146,33.3592493826067,46.3007921766891,26.2694670692267,-20.0313251074623,161,63
39100,"Poughkeepsie-Newburgh-Middletown, NY","Large",0,9.70841599023611,46.9944647146418,12.8764754156214,3.01844342553574,3.04931656836183,3.44829256796057,4.81969340467657,9.96015084712579,23.548766757269,53.5007816604792,75.6297004953667,41.4746747337985,-34.1550257615682,78,21
39300,"Providence-Warwick, RI-MA","Very Large",0,1.43362292119216,21.3224603558586,18.100978600537,6.61505121124789,5.68485100190187,6.51682884674885,6.58222217297866,16.5958730960167,50.2345839965825,93.9876833126173,78.0847941494206,37.6383458174545,-40.4464483319661,52,13
39340,"Provo-Orem, UT","Large",0,0.34833128415015,4.59697771854156,4.85175717209138,11.1222179029143,18.1580122266271,16.6850685107922,43.1879372013764,53.7475171443682,98.0431478293421,92.9148819664515,87.1524872943676,31.5243366556745,-55.6281506386931,14,3
39580,"Raleigh-Cary, NC","Very Large",0,0.505632291440886,2.05399588481805,2.98508605084597,11.2694149946493,17.5695624204803,12.705750883088,9.00930050295337,12.2070768341898,22.7233780442939,47.8959028360289,64.6513508790058,35.7917085880071,-28.8596422909987,105,33
39740,"Reading, PA","Midsized",0,0.842519089184781,20.4829156021566,10.4395774414442,3.68819114011011,4.78704027945899,6.92397506020948,8.94346778610391,18.1984123263913,34.7766349133987,72.6328047521753,69.9903585179139,26.1265716646518,-43.8637868532621,35,16
39900,"Reno, NV","Midsized",0,0.820622612479893,5.27007006670283,4.7813135685812,8.33960555768134,16.4260162597215,14.0794425083327,16.5460577493157,27.358608419371,81.1184322102197,71.7943055843979,38.2369445385259,11.4581975519403,-26.7787469865856,114,47
40060,"Richmond, VA","Very Large",0,0.419270105978679,5.27418361059766,9.42479028649078,9.60664137237734,9.02309437657109,10.9763407385556,10.9141615591659,11.6742873820411,19.1873398839057,35.6505120053727,60.1288565161039,36.8685113893792,-23.2603451267248,142,44
40140,"Riverside-San Bernardino-Ontario, CA","Very Large",0,0.384269741932557,3.96720359022249,4.6119305308837,12.539517039014,27.263036474114,21.5114756436,10.0753352967945,12.7585877853925,34.4412045017834,134.477762611762,118.894029232703,22.8217879005482,-96.0722413321551,2,1
40220,"Roanoke, VA","Midsized",0,0.195676940255299,1.94750049485668,1.75079367596846,6.43845792015461,7.71379096059046,7.98155940515034,12.5682955433101,30.1033524403283,41.0145732632659,45.3661537802416,58.8472650851988,26.1909170766148,-32.656348008584,84,35
40380,"Rochester, NY","Very Large",0,1.08567927514261,4.41891570154805,5.65156378227016,3.04151038414027,3.58274160797062,2.59055138152085,2.54601842606824,6.73422728164849,31.2222259617842,71.0124719216197,60.6894714804721,21.3388753641398,-39.3505961163322,56,16
40420,"Rockford, IL","Midsized",0,0.14395951628067,5.20653583881755,20.7589622476726,9.05441375398176,7.16918391077735,7.19797581403348,23.2062740244439,54.4070998530077,99.0729391043568,57.3630685873041,37.0551794906444,13.9513909313621,-23.1037885592822,143,55
40900,"Sacramento--Roseville-Folsom, CA","Very Large",0.00437648444881898,0.451719077679714,1.54840019799216,0.679625681826277,3.78779866284784,12.5921810566487,14.4686575877956,8.16647135389124,6.7948921080583,23.4516350570215,56.3325078201306,43.2490310898726,15.3132669854123,-27.9357641044603,111,34
41180,"St. Louis, MO-I","Very Large",0,0.968718184339608,6.2678006245163,4.72834882909698,4.97085166158027,17.6639884708616,20.4902722666321,19.2337531203413,24.308094463099,73.4320712369261,61.5358544165128,46.9525951537984,17.9193711421243,-29.0332240116742,104,32
41420,"Salem, OR","Midsized",0,1.18206886287131,2.8500993693675,3.92536075217644,4.58627850003342,8.93614322749257,10.3932847188308,8.13545884679295,11.1292898598639,29.4535875529784,39.104919614485,29.4402056413233,13.720973186568,-15.7192324547553,168,69
41500,"Salinas, CA","Midsized",0,0.312130946958473,1.31317948398958,2.35584548061514,8.53950635202579,21.5518987185613,25.550147515315,16.180521478164,12.3737625401395,29.7116457517876,90.9490125923285,85.954917440993,23.3344424598649,-62.620474981128,10,5
41540,"Salisbury, MD-DE","Midsized",0,0.768185869321807,20.9272453491001,21.6100772329417,5.03536784645015,11.1348153785535,10.4131862285845,9.91839176124018,16.9854431105599,31.6955558869704,56.5198572943438,68.469415261572,23.4959014900611,-44.9735137715109,33,15
41620,"Salt Lake City, UT","Very Large",0.0027973448944987,1.06506650934736,5.66508963550894,7.50256924397759,16.4977144946253,21.3065639290078,13.3931459332673,21.2596347085305,47.2685414209861,88.7269313223482,74.476149523405,62.8938783431312,26.8777888929167,-36.0160894502145,70,22
41700,"San Antonio-New Braunfels, TX","Very Large",0.0148693176226827,0.299697419415537,1.76926856294624,2.08650102124741,14.0051849761136,40.7398808494108,9.68389383073494,19.3940059167268,11.4605810639789,22.2752741451584,55.466784421197,87.4218636981195,41.2939778413953,-46.1278858567242,28,7
41740,"San Diego-Chula Vista-Carlsbad, CA","Very Large",0.00103293438997012,0.708293107341772,2.88866988384412,3.78497148902827,6.65801962857676,14.3968062841542,9.23390031890583,8.56316381743766,9.24742842736802,25.2551425413305,71.0728166864966,79.6679970272948,23.8720729055717,-55.7959241217231,13,5
41860,"San Francisco-Oakland-Berkeley, CA","Very Large",0.0029149783810264,0.929196374732504,2.86289743395206,3.13799773506509,5.73988393007908,12.1661324310171,13.5991263999736,7.27981842580231,5.16682268825946,12.9372813421579,39.3153007562902,41.2070982176861,14.6123701986023,-26.5947280190838,118,36
41940,"San Jose-Sunnyvale-Santa Clara, CA","Very Large",0.00519668229944184,1.46976703787332,2.18185593387788,1.05168556513758,2.68085291645317,9.83787837588636,12.8195446930715,7.17517473266823,6.02653099652798,17.6289940689687,59.2670999373526,54.7929799907504,16.1880984196196,-38.6048815711307,58,18
42020,"San Luis Obispo-Paso Robles, CA","Midsized",0,0.911531223191724,1.22449027648755,0.979896064931104,4.01491523348322,13.3539324197588,13.6501800672961,7.62951633811473,7.62267985394079,23.7009512170138,47.6161122714777,81.069308162614,25.7092498298244,-55.3600583327895,15,7
42100,"Santa Cruz-Watsonville, CA","Midsized",0,0.578539513599398,1.0004404378025,0.956361236766351,2.03748235503679,8.61905805974613,7.49739981909424,8.28413484473042,5.44299419937393,20.0698112217696,49.825239742642,54.7133082861145,16.2745863902105,-38.438721895904,61,25
42200,"Santa Maria-Santa Barbara, CA","Midsized",0,0.715242002131421,2.96379909772101,8.40951202506035,9.50356738387619,24.1303867385752,13.5101267069268,7.86862531233739,5.39682601608254,12.3777806146636,41.8235954579677,80.7428749072804,27.5956465108065,-53.147228396474,19,9
42220,"Santa Rosa-Petaluma, CA","Midsized",0.00697557099233915,0.548144868946392,1.07214526152253,2.08817092931959,4.18743526670119,11.4784145771036,18.6369255441773,11.9891463835664,13.7558259968928,17.7544558087347,43.9559980621774,46.0245923890346,14.6878121069764,-31.3367802820582,89,37
42340,"Savannah, GA","Midsized",0,0.360834883351513,2.27954703959717,2.75546638195701,7.96570340974477,35.7800590014239,24.9140085368613,18.032996655252,14.4826000908812,15.4483801233667,29.6458659844482,52.3948652212004,33.2126250830316,-19.1822401381688,164,66
42540,"Scranton--Wilkes-Barre, PA","Large",0,1.68894963930733,16.7664166147606,7.22753966338069,2.01004420291817,3.2148282789574,4.23402202681528,5.27787055676419,15.9926058949584,35.3924250220413,66.8707577880234,54.8617434561209,23.6253270727936,-31.2364163833273,92,28
42660,"Seattle-Tacoma-Bellevue, WA","Very Large",0.00433217356714767,3.16676297857118,5.35783009974844,2.77527423563545,2.82171793122596,7.45530736547164,6.45834845488998,4.43484608068907,8.20910556615534,24.2547134373324,28.1580102061845,22.8538645876102,10.4526683828139,-12.4011962047963,175,50
43340,"Shreveport-Bossier City, LA","Midsized",0,2.73784832581801,14.1962203091246,9.87259933608404,11.0461964094795,35.1343580677362,17.2116673855902,16.510178884199,22.4421835901381,43.6358538591593,63.3954909354337,70.2441980907635,29.1175131435984,-41.1266849471651,49,22
43620,"Sioux Falls, SD","Midsized",0,0.469021040043333,26.9294242794795,16.9689407051575,4.59800968315985,9.29623753726913,18.6285536160801,27.2028194498295,92.8661659285799,138.002425760784,73.1793084272738,33.6733054390085,18.0946771025509,-15.5786283364576,169,70
43780,"South Bend-Mishawaka, IN-MI","Midsized",0,0.548245450086089,6.34502734232968,6.92782886926968,6.37592844951635,13.2077312975285,22.6275849399168,18.6745691098112,41.8759842874848,87.3368292785931,73.6144117979231,42.573751223958,24.776066297884,-17.7976849260739,165,67
43900,"Spartanburg, SC","Midsized",0,0.373234637990142,2.60591751749874,3.32884947396613,10.340280709435,20.6489541612384,13.7188948017998,20.4616643474001,23.3120337404113,33.4182862444038,73.2346884272548,102.336902767837,66.0153361968644,-36.321566570973,66,27
44060,"Spokane-Spokane Valley, WA","Large",0.02426137899616,0.794364505842012,1.35439148246063,1.33907159556225,4.64362793986502,13.0445999923628,10.1451695460394,10.6885526949166,16.2220580157308,45.1463827486877,53.8125212386117,48.8307209805454,18.6134599375271,-30.2172610430183,98,30
44140,"Springfield, MA","Large",0,2.23878781296427,19.5779835632886,12.1606883476923,4.277904123326,3.82999237424465,3.29804898893289,1.43871412415768,10.6203653276156,32.8275368927408,56.8115535512957,61.1873660948167,33.2621555638496,-27.9252105309671,112,33
44180,"Springfield, MO","Midsized",0,0.425260472039124,0.425260472039124,0.507568950498309,1.6018144446807,9.80842701638625,19.8294842687921,38.6349138847544,36.3391932397303,57.8354241973209,67.3900667384579,49.33707379641,18.4684547856991,-30.8686190107109,94,38
44700,"Stockton, CA","Large",0,0.639110480108258,1.71445266098798,1.46021930885662,12.9808558617661,32.2814280250707,26.0469264542134,12.1323767387262,7.17412095220859,16.6809246148167,83.2240355653554,69.06625704905,22.5303071994266,-46.5359498496234,26,9
45060,"Syracuse, NY","Large",0,1.24338624207049,3.98811992523303,7.8034920552344,4.11660317024698,3.51629629257535,2.75037036745993,3.94700528682857,7.46031745242294,33.1795131924026,67.0433861724409,60.289312105514,17.9949962016682,-42.2943159038458,45,13
45220,"Tallahassee, FL","Midsized",0,0.233254862510004,2.88375207995999,3.12394905147327,7.42028147141943,39.2951138021317,30.9395914057912,44.3064834494151,19.0685850101928,27.7959267647487,49.6832857146308,76.5492475573009,30.4638585930954,-46.0853889642055,29,13
45300,"Tampa-St. Petersburg-Clearwater, FL","Very Large",0,0.541196782573011,1.72779092227414,1.82451975020416,16.2815080568164,34.1691050728606,14.4214806818849,9.59675175306612,12.2082281680789,23.2020619139687,40.4948473169276,48.9035913566068,25.5870900750082,-23.3165012815986,140,42
45780,"Toledo, OH","Large",0,0.763961292091754,6.87112817380682,6.16195094805586,2.39424798800071,14.3443784712491,11.9620254945946,9.10437467020662,14.4901342440824,57.093206360286,76.2101649472847,54.2714081053076,20.7502728863991,-33.5211352189085,81,22
45940,"Trenton-Princeton, NJ","Midsized",0,2.35287300719119,33.285251612552,26.3030131699433,6.93102541073583,3.19569318887161,2.70404808289136,2.98469549755509,6.27725447814067,40.1074127498208,43.510591879252,54.9062230857227,26.6911870482619,-28.2150360374609,110,45
46060,"Tucson, AZ","Very Large",0,0.622196094093175,3.30698250736751,3.47136137645054,17.9385499629675,25.1434985944683,15.5672230670639,14.0268257073807,9.14813069037985,35.8420885615645,91.3673402925042,98.3655062617106,27.3872987591109,-70.9782075025998,8,4
46140,"Tulsa, OK","Large",0,0.487766966004839,2.64029443121516,1.77340439958051,9.35952665629241,23.151164538786,21.0482751687916,20.2678480231839,24.9019572247106,53.1930873019529,72.373634922771,80.2812742127037,35.4773172624901,-44.8039569502137,34,11
46220,"Tuscaloosa, AL","Midsized",0,0.473541993000025,4.24523997508401,10.3411332525411,19.5598439973497,29.2572161080556,30.114711068353,44.6477574949646,27.3118544070826,41.1960203189617,81.9739585179774,63.4930223587331,29.1045490948684,-34.3884732638648,76,32
46520,"Urban Honolulu, HI","Large",0,0.519670470665545,0.827721416333954,0.0728200659531337,0.790097715591501,3.6509333066503,19.6481777953546,12.2208620684348,6.45119584284808,7.61708923213105,8.58614777647404,10.1418491854728,3.97614110119099,-6.16570808428181,188,56
46540,"Utica-Rome, NY","Midsized",0,0.578440413406914,5.1151189121464,7.09701891833867,7.48301665574675,5.81777569638108,2.91444977524253,2.33341379587802,5.03910590910254,28.1848799383887,95.331429671101,92.4169798958585,21.1583650667757,-71.2586148290828,7,3
46700,"Vallejo, CA","Midsized",0.0847350108965372,0.30986674072722,1.59353175037549,1.83037563127241,5.74118214738084,16.7400102025426,13.6989924214522,6.94750057523518,8.56817569127126,22.4434798861295,61.7067186243531,61.2166968018077,18.493691241841,-42.7230055599667,39,18
47260,"Virginia Beach-Norfolk-Newport News, VA-NC","Very Large",0,0.537968435331206,2.98113536785458,2.98891615426389,4.02886688778324,20.0014840634328,14.8825776296203,8.54956457898624,8.63120204889017,16.5677257611741,36.3776079592776,65.6595034376274,34.8844524691562,-30.7750509684712,95,28
47300,"Visalia, CA","Midsized",0,0.311374618609339,4.25429988166611,8.57318116571046,16.280740891687,36.6591717642728,32.0023913570709,15.6443834303957,10.9673060110178,21.8864066181176,86.7005326927781,74.4531310274774,28.0845078622833,-46.3686231651942,27,12
47380,"Waco, TX","Midsized",0,0.471058185107024,0.644957165109034,0.37684654808562,10.477511682243,40.6169920108532,24.5656843533313,23.6808800623053,29.9004182996684,51.3288551401869,58.7291792282183,51.4748831775701,31.7480599132176,-19.7268232643525,162,64
47900,"Washington-Arlington-Alexandria, DC-VA-MD-WV","Very Large",0,0.994888946792533,12.3583834608155,21.4905257732299,9.22592998494119,8.30529389242914,9.37465826373635,8.42715965603729,9.94888946792533,23.026876737425,39.5433686755861,45.5733099431877,21.1050512484143,-24.4682586947734,134,41
48620,"Wichita, KS","Large",0,0.317432197238461,1.90039434484295,1.08330035565506,3.78516901013925,16.642516626645,17.7711644390484,12.7873109888611,25.3945757790769,95.821527458876,73.5535748458262,65.8344299859957,24.9245457908757,-40.90988419512,50,16
48900,"Wilmington, NC","Midsized",0,0.303571639600183,0.672194344828977,2.02742487875837,9.73561476093968,18.9840693192829,9.80102722137734,17.0625331195755,16.5554962024814,23.1346887011973,37.0791074083081,59.2181534105786,35.218182280861,-23.9999711297175,135,51
49180,"Winston-Salem, NC","Large",0,0.376975878506496,1.77512692157489,7.90694975550967,12.3371321049455,13.9910541238107,10.7032518416465,9.50185993854116,18.3095752636636,35.7194983885792,62.3012287314027,68.8529740629143,36.316138270553,-32.5368357923613,85,25
49340,"Worcester, MA-CT","Large",0,1.51177118158265,18.6193007418166,19.2921070154218,5.4816459855915,3.5921590012831,3.27550422676241,1.72752771432954,9.85715669072471,31.6725142248361,69.357610290177,67.804980428011,25.8940672164598,-41.9109132115512,46,14
49420,"Yakima, WA","Midsized",0,1.89017370696367,14.48275953703,30.5770957493851,50.0917462886268,39.3979063818822,15.7257309089562,8.80923814041367,8.89796057972013,30.6130990580892,73.5753330016743,58.0424769607756,29.5539404969276,-28.488536463848,107,43
49620,"York-Hanover, PA","Midsized",0,0.47411075140951,4.26819401205783,2.62915962145274,3.77085662282675,5.41635616004197,7.89466236059168,11.6762942277686,12.7507058144224,33.299336240159,86.7838179966407,63.6385931323765,29.1880845172402,-34.4505086151362,75,31
49660,"Youngstown-Warren-Boardman, OH-PA","Large",0,1.26966850399533,6.16200412499852,5.4698041238472,3.75565135368225,8.30399305930598,6.34232513370181,4.05411371291527,11.3728600594843,61.2531812667613,84.700729204921,42.8016685730749,19.9596702737086,-22.8419982993663,146,46
