cbsa_code,cbsatitle,topmetro,metrosize,price1_2019,price2_2019,price3_2019,price4_2019,price5_2019,price6_2019,price7_2019,price8_2019,price9_2019,price1_2020,price2_2020,price3_2020,price4_2020,price5_2020,price6_2020,price7_2020,price8_2020,price9_2020,price10_2020,chg_imp,chg_traj,rank_imp,rank_traj,szrank_imp,szrank_traj
10420,"Akron, OH",1,Large,150450,155340,162407.14,169300,175000,179950,178000,171992.86,168542.86,147950,149950,161450,169500,179550,192450,192545,189950,179950,179950,7.7199998,0,112,72,38,22
10580,"Albany-Schenectady-Troy, NY",1,Large,297050,304950,306306.44,307888.94,299950,299050,299450,289621.44,289050,299950,304950,316700,319500,324950,336950,341100,339950,331800,333550,15.04,.52999997,38,56,17,16
10740,"Albuquerque, NM",1,Large,249750,255487.5,265907.16,273907.16,275050,275050,274999.5,272906.56,270407.06,282040,290650,292750,290000,305460,324402.5,320000,325050,322427.5,315050,16.23,-2.29,30,146,15,43
10900,"Allentown-Bethlehem-Easton, PA-NJ",1,Large,219300,225050,222478.58,219928.58,222500,225049,229500,225050,225050,242550,249950,262450,262550,264950,269500,278500,279950,282340,274950,22.23,-2.6199999,7,153,4,46
11100,"Amarillo, TX",1,Midsized,228950,232895,238207.14,243300,247800,242900,237738.5,237864.28,237064.28,227608,239850,260357,267892,279050,279750,278300,270050,275525,275050,16.77,-.17,27,89,11,37
11260,"Anchorage, AK ",1,Midsized,307720,309300,317150,322500,326050,322050,322450,317335.72,315050,319300,319950,319997.5,319550,329950,332550,338050,335050,335850,325050,1.74,-3.22,176,163,72,69
11460,"Ann Arbor, MI ",1,Midsized,393550,398050,399050,399550,400050,407050,399000,380992.84,370542.84,364300,375050,394000,395050,389050,391950,396550,393690,397370,408040,10.42,2.6900001,72,12,26,6
11700,"Asheville, NC",1,Midsized,379500,377500,384150,394500,399050,399050,399050,399564.28,399364.28,400000,415050,402450,399050,415050,419500,422550,429050,432550,439050,9.9499998,1.5,82,29,30,15
12060,"Atlanta-Sandy Springs-Alpharetta, GA",1,Very Large,312726,317300,324235.72,330000,336242,333050,329000,324529,321307.5,320000,324950,328840,325050,334386,346250,350050,354050,354500,355050,10.58,.16,69,64,18,19
12100,"Atlantic City-Hammonton, NJ",1,Midsized,246300,247550,256331.42,268545,269050,260040,260000,255664.28,249750,252500,250050,256000,254950,253540,250050,255000,252050,257050,255050,2.04,-.77999997,174,105,70,46
12260,"Augusta-Richmond County, GA-SC",1,Large,214249.5,212022.5,219235.72,226000,229300,229950,234500,233292.86,234950,230048.5,230550,234500,237500,239950,242500,243959,249950,252240,250656,7.5599999,-.63,114,99,39,29
12420,"Austin-Round Rock-Georgetown, TX",1,Very Large,347900,350000,359157.16,370675,372877.5,369410,365050,361192.84,355550,353342.5,360050,372000,365969.5,377040,390045,392273,399950,408045,413177,15.9,1.26,31,32,5,8
12540,"Bakersfield, CA",1,Large,245050,246300,253092.86,259995,262050,262950,266025,262864.28,259975,261045,265050,275000,273550,275050,279275,289950,299050,309050,305030,17.34,-1.3,24,123,14,36
12580,"Baltimore-Columbia-Towson, MD",1,Very Large,299950,299975,312878.56,330000,340000,342550,339550,332778.56,329400,315050,320050,328495,328350,340050,349996,354950,349950,339996,339950,4.5799999,-.0099999998,154,83,43,25
12940,"Baton Rouge, LA",1,Large,239950,239950,242278.58,247050,249950,250050,248682.5,246721.42,244500,239950,245050,249750,248800,255050,263300,265050,269950,278150,275634,12.83,-.89999998,54,113,21,32
13140,"Beaumont-Port Arthur, TX ",1,Midsized,180000,184550,189478.58,190000,196800,199050,199050,195007.14,196457.14,195050,190050,195300,199950,200050,209950,212000,215050,219950,219050,10.05,-.41,79,98,29,40
13820,"Birmingham-Hoover, AL",1,Very Large,225050,234800,244007.14,249950,256950,258050,259950,256977.86,253510.36,252500,256410,259950,260773.5,268550,274950,275000,272163,271050,259950,1.73,-4.0999999,177,175,52,50
14260,"Boise City, ID",1,Large,339950,340040,347299.56,358464.5,369950,373623,374950,370692.84,367300,374995,379950,384574.5,387450,390040,397000,400400,400050,408332.5,425050,18.059999,4.0900002,19,4,10,2
14460,"Boston-Cambridge-Newton, MA-NH",1,Very Large,534500,549500,571435.69,599950,604500,600049,599950,591421.44,581471.44,590000,600050,630049.5,617500,630050,657499.5,675050,678450,677050,669050,13.88,-1.1799999,46,120,11,34
14500,"Boulder, CO ",1,Midsized,599500,600050,597092.88,617092.88,617550,624950,629550,626478.56,637550,622050,650235,692050,691550,700050,725050,727550,748950,705050,722153,12.83,2.4300001,54,16,22,8
14740,"Bremerton-Silverdale-Port Orchard, WA",1,Midsized,414994,435050,460764.28,482550,489994,492438,497050,488764.28,476764.28,462550,467050,480494,489550,500049,495050,500000,495050,477244,479050,.83999997,.38,182,59,75,25
14860,"Bridgeport-Stamford-Norwalk, CT",1,Large,727050,738050,747150,754500,754000,739050,722550,710478.56,699050,712050,715050,702500,722050,749050,740050,727050,699050,704550,709050,1.4299999,.63999999,179,50,54,13
15180,"Brownsville-Harlingen, TX",1,Midsized,223500,222550,226978.58,229800,235000,234050,239500,239478.58,240050,239950,239050,248050,248050,255050,265000,267487.5,255050,262050,260000,6.4499998,-.77999997,133,105,52,46
15380,"Buffalo-Cheektowaga, NY",1,Very Large,179950,182500,198521.42,212450,220050,224050,219950,211421.42,200038.5,197950,199950,202550,219950,232050,239950,242450,225050,229950,214950,7.5,-6.52,118,184,33,51
15940,"Canton-Massillon, OH ",1,Midsized,144500,142500,157907.14,171500,169450,169950,162050,163292.86,164950,157800,159950,169950,180000,182050,189950,190000,179950,175050,165050,2.55,-5.71,169,180,68,77
15980,"Cape Coral-Fort Myers, FL",1,Large,299950,305050,307335.72,305050,299950,299950,299917,298755.16,297438.16,325045,331410,335050,327050,330049,337500,339700,335050,335000,339050,12.27,1.21,61,34,24,9
16300,"Cedar Rapids, IA",1,Midsized,213950,220050,224640,229590,227000,234950,235740,232292.86,225450,209500,215050,217550,222025,234950,234950,230000,224950,218950,215050,2.3800001,-1.78,171,131,69,55
16620,"Charleston, WV ",1,Midsized,149250,149950,151064.28,151114.28,150050,150050,149950,149050,149500,147750,148050,150000,156300,162050,161250,159950,160745,159500,159950,6.6700001,.28,129,62,50,26
16700,"Charleston-North Charleston, SC",1,Large,394750,408495,418758.56,429050,431052.5,434950,435000,428364.28,418500,422500,430050,442550,436045,450050,451050,462550,472550,483040,475050,14.11,-1.65,43,129,18,39
16740,"Charlotte-Concord-Gastonia, NC-SC",1,Very Large,325050,329950,341050,349500,350050,354050,350000,345601.44,340000,344545,348550,350000,340000,350049,362800,369550,370050,368235,365353,8.96,-.77999997,91,105,25,31
16860,"Chattanooga, TN-GA",1,Large,269050,268950,282478.56,294950,295050,289950,289850,289721.44,289950,299050,304050,309500,314550,329950,336250,339500,335050,328825,320050,12.28,-2.6700001,59,154,23,47
16980,"Chicago-Naperville-Elgin, IL-IN-WI",1,Very Large,297550,312450,328007.16,339950,339950,339050,332500,327708.84,322500,302450,319950,328500,324950,329950,339950,348500,349050,349300,344950,9.4899998,-1.25,84,121,22,35
17140,"Cincinnati, OH-KY-IN",1,Very Large,239495,252500,268135.72,280425,290050,289052,287000,277858.56,272035,267450,284530,299950,304495,325050,337000,339950,327304,318050,309950,16.280001,-2.55,29,151,4,42
17300,"Clarksville, TN-KY ",1,Midsized,230050,237200,245307.14,251557.14,252040,253000,254000,253578.58,251500,249998,250046,253000,253000,260050,265050,262450,259178,271050,284550,12.58,4.98,57,1,23,1
17460,"Cleveland-Elyria, OH",1,Very Large,179950,186500,198521.42,208521.42,202550,210000,207050,201150,198000,182500,189550,202450,199995,216040,227050,235050,232450,216000,199950,3.2,-7.4299998,165,185,47,52
17780,"College Station-Bryan, TX",1,Midsized,266950,259950,259335.72,267050,270000,269950,269950,269950,269950,265000,269950,270550,275050,279050,282550,273800,264950,252550,250050,-7.3699999,-.99000001,190,117,83,51
17820,"Colorado Springs, CO",1,Large,392541.5,396645,410707.16,424802.5,427550,429050,435000,432800,427425,473994,473880,465273,472504,474950,475050,479500,465050,450973,450050,5.29,-.2,146,90,49,26
17900,"Columbia, SC",1,Large,228250,227240,234184.28,239950,239107.5,239050,235000.5,232850,230000,232934.5,234950,239550,242580,247871,249750,250050,251050,249950,245450,7.9000001,-1.8,108,133,37,41
17980,"Columbus, GA-AL",1,Midsized,167940,169950,171728.58,173778.58,169950,179950,181215.5,186521.42,189521.42,196750,198550,192950,189900,204950,224950,219750,217950,210300,205050,3.6900001,-2.5,162,150,64,65
18140,"Columbus, OH",1,Very Large,252450,262550,282807.16,299950,307350,319950,317500,299335.72,287050,285000,299827,307244,309550,324950,332550,332000,316386,300450,305050,8.9700003,1.53,90,28,24,7
18580,"Corpus Christi, TX",1,Midsized,247750,248500,251907.14,257500,261550,260050,263800,262007.14,259500,264109.5,265050,270414,269512.5,279950,287550,287550,289950,292500,295050,13.5,.87,48,43,19,20
18880,"Crestview-Fort Walton Beach-Destin, FL ",1,Midsized,375550,382500,400764.28,417500,424050,429050,437100,437878.56,441650,473230,479050,481800,471550,471550,459500,463550,449950,449550,439050,-1.77,-2.3399999,187,148,80,63
19100,"Dallas-Fort Worth-Arlington, TX",1,Very Large,338300,344574,351815,359792.5,360050,358834,353500,347807.16,344000,339534,340050,342545,339336,349950,356300,359750,360040,359550,356040,4.1300001,-.98000002,158,116,44,33
19340,"Davenport-Moline-Rock Island, IA-IL ",1,Midsized,149000,148500,145050,145050,148500,154950,154950,154950,154950,149950,149950,149950,154500,159950,166800,166750,159950,164250,153950,2.5999999,-6.27,168,183,67,79
19430,"Dayton-Kettering, OH",1,Large,146290,146300,151330,154950,158400,164950,173045,172864.28,169950,161950,169450,184995,188495,194950,201950,198500,199550,208400,199950,17.65,-4.0500002,23,174,13,53
19660,"Deltona-Daytona Beach-Ormond Beach, FL",1,Large,289050,289950,292092.84,294995,295050,290050,288500,283160,282080,288300,291050,290450,285677,289050,290000,291495,290050,296050,299050,5.3699999,1.01,145,41,48,12
19740,"Denver-Aurora-Lakewood, CO",1,Very Large,492321,499800,516421.44,523971.44,517575,517756,500050,499592.84,497050,532500,559550,560045,547021.5,549050,545550,544300,539550,522050,519950,5.0300002,-.40000001,149,96,41,29
19780,"Des Moines-West Des Moines, IA",1,Large,286550,289950,292007.16,292257.16,289250,285950,280045,276658.56,270425,263950,269550,271300,269800,275050,280650,277916,275050,274250,272050,3.7,-.80000001,161,109,53,31
19820,"Detroit-Warren-Dearborn, MI",1,Very Large,219500,220050,236007.14,254250,261000,265050,262295,253187.14,242000,228500,229050,239950,245000,252050,274950,280000,279050,272950,269050,12.36,-1.4299999,58,125,13,37
20260,"Duluth, MN-WI ",1,Midsized,181000,179550,196621.42,220050,221800,215050,212500,195721.42,193171.42,199500,215050,233750,235050,230950,239050,235050,235050,227000,224950,13.9,-.89999998,45,113,17,50
20500,"Durham-Chapel Hill, NC",1,Large,369500,384550,400758.56,413213.56,404550,403050,400050,394764.28,389050,399550,415950,425050,399950,419050,429341,437245,440050,434000,439050,15.86,1.16,32,36,16,10
21340,"El Paso, TX",1,Large,183975,185025,187171.42,190000,192050,192050,191926,193207.14,193482.14,195275,194000,196025,194300,202000,211050,217775,215500,215494,226000,18.16,4.8800001,18,2,9,1
21500,"Erie, PA",1,Midsized,135000,139950,146478.58,155050,162250,166950,166500,157664.28,147915,136300,139550,142499.5,147049.5,159950,169000,165049.5,165049,158450,144950,-.38,-8.5200005,185,188,78,80
21660,"Eugene-Springfield, OR",1,Midsized,370050,384900,390864.28,379500,382300,382290,399050,392192.84,385942.84,404950,400050,400000,399500,419050,430000,426300,425050,434050,424550,8.8599997,-2.1900001,94,143,36,60
21780,"Evansville, IN-KY",1,Midsized,154950,153800,168092.86,177592.86,177950,179950,175050,167292.86,164999.5,138750,149050,172300,179888.5,189050,187250,189500,185050,178750,178050,14.91,-.38999999,39,95,14,39
22180,"Fayetteville, NC ",1,Large,164300,170000,181050,186177.5,179050,185050,185177.5,181364.28,179864.28,197233,189050,190047.5,191000,199750,212550,219800,224756,219500,211990,17.74,-3.4200001,22,166,12,49
22220,"Fayetteville-Springdale-Rogers, AR",1,Large,269500,272500,284478.56,296050,299600,290050,290902.5,286335.72,281050,280950,285050,289550,284200,290050,303050,299950,309050,304500,297950,6.4299998,-2.1500001,134,142,45,42
22420,"Flint, MI ",1,Midsized,149450,155800,165478.58,174550,189950,187540,189745,187850,182500,177500,175050,187040,191995,199950,208950,214950,219750,214500,210050,19.309999,-2.0699999,14,139,7,58
22660,"Fort Collins, CO",1,Midsized,447250,447050,450632.72,455229,460000,445695,439050,437083.72,435000,449982.5,450050,453257.5,452283,459950,468800,464825,464950,464145,475050,10.13,2.3499999,77,18,28,9
22900,"Fort Smith, AR-OK ",1,Midsized,150000,155050,159064.28,163364.28,164550,169050,167050,163764.28,161050,165050,165050,171950,176300,179950,188550,199000,198950,196500,199950,22.07,1.76,8,25,3,13
23060,"Fort Wayne, IN",1,Midsized,182450,198950,214992.86,235000,232450,228950,227450,209564.28,193950,199950,225050,246500,235188,237950,236400,234950,233050,220900,214950,8.5600004,-2.6900001,99,155,38,66
23420,"Fresno, CA",1,Large,300000,299950,306478.56,315050,325000,339050,340050,335332.84,329975,330025,325050,334025,329800,338050,345050,352044,350050,350050,350050,7.0300002,0,123,72,42,22
23540,"Gainesville, FL ",1,Midsized,252450,256050,259331.42,266045,274300,270050,273500,273188.56,270545,275545,275040,285050,286050,294050,295050,289000,281540,284290,285950,6.6799998,.57999998,128,52,49,24
24340,"Grand Rapids-Kentwood, MI",1,Very Large,279310,285000,290092.84,297500,297420,294950,295000,290664.28,282450,297950,300050,305750,310050,315950,315450,315000,309950,305000,299050,8.7299995,-1.95,95,136,26,39
24540,"Greeley, CO",1,Midsized,419500,415050,426435.72,431435.72,432498.5,425050,414300,405764.28,400000,436825,435568,451807.5,436300,437650,436700,444302.5,439950,432412.5,440040,7.46,1.76,119,25,46,13
24580,"Green Bay, WI ",1,Midsized,244500,250000,258578.58,271450,274950,269950,268950,261421.42,250000,276000,277950,285450,280000,289950,290000,294950,279950,264950,269950,7.98,1.89,106,21,42,11
24660,"Greensboro-High Point, NC",1,Large,244515,250050,263227.16,269000,275050,268950,269950,266557.28,263765.78,267045,264982,269950,259950,284550,292330,298200,299950,297500,279950,5.8400002,-5.9000001,142,182,46,54
24860,"Greenville-Anderson, SC",1,Large,263950,264950,275692.84,284750,285000,281600,278550,277292.84,272450,268700,275050,276182.5,279262.5,284550,289950,286750,289040,286666,282380,4.5900002,-1.5,153,128,50,38
25060,"Gulfport-Biloxi, MS",1,Midsized,192500,195550,197050,199300,206785,205235,208435,209478.58,209978.58,199950,202950,211050,212000,217550,226290,235050,241050,246940,249050,21.299999,.85000002,10,46,4,21
25180,"Hagerstown-Martinsburg, MD-WV",1,Midsized,229950,231545,234345.72,234345.72,235050,237050,231245,234287.14,237742.14,240000,245050,249050,248800,249950,249750,249995,259950,259995,258040,7.54,-.75,116,104,44,45
25420,"Harrisburg-Carlisle, PA",1,Large,218850,220000,221092.86,220092.86,220250,225050,230545,234292.28,237242.78,242075,245596,249950,250050,250750,259700,260750,255050,256700,261450,10.46,1.85,71,23,28,6
25540,"Hartford-West Hartford-East Hartford, CT",1,Very Large,259950,264950,270950,275000,279950,284950,282500,279564.28,279114.28,275000,274950,284500,285000,294050,295050,299050,299050,299950,299950,7.1399999,0,122,72,34,21
25860,"Hickory-Lenoir-Morganton, NC",1,Midsized,248500,247300,257764.28,273550,286900,284950,285300,280007.16,270000,262300,259827,250000,256200,262950,267350,292450,299950,294250,300050,13.25,1.97,50,20,20,10
26420,"Houston-The Woodlands-Sugar Land, TX",1,Very Large,309950,310698,318671.72,324342,325045,324050,318294,312984.84,310050,304105,306045,313045,311050,319950,325050,327948,329666,331698,334050,7.7600002,.70999998,111,48,31,14
26580,"Huntington-Ashland, WV-KY-OH",1,Midsized,146800,144450,143350,143850,146300,149550,149950,149950,149950,139050,139950,135000,135050,135050,152000,154950,149950,150050,149950,1.97,-.07,175,87,71,35
26620,"Huntsville, AL",1,Midsized,252565,258500,264235.72,268785.72,270409,274050,274950,275617.28,275667.28,289950,290950,290000,288300,289950,296925,297709.5,300050,299950,298050,8.3800001,-.63,101,99,40,41
26900,"Indianapolis-Carmel-Anderson, IN",1,Very Large,240000,254550,272907.16,292545,296500,295050,291900,268001.44,248506.42,271043,274950,280000,284950,298420,299950,302550,299550,286184,274950,5.73,-3.9300001,143,173,40,49
27140,"Jackson, MS",1,Large,236050,241500,250950,258750,259500,259950,255050,254378.58,252428.58,255050,257050,261300,264500,269950,287450,299000,305350,309875,298550,18.68,-3.6500001,17,169,8,51
27260,"Jacksonville, FL",1,Very Large,301545,308050,313758.56,321545,324250,320040,316050,312807.16,309950,317545,319950,320045,311545,318050,317500,319337.5,320050,322545,318050,2.6099999,-1.39,167,124,48,36
28020,"Kalamazoo-Portage, MI",1,Midsized,229550,236700,258292.86,281250,290550,285050,275000,263135.72,252050,250050,259950,287500,289950,299950,312050,299950,299950,295000,295050,18,.02,20,70,9,30
28140,"Kansas City, MO-KS",1,Very Large,299050,311500,317457.16,322525,325500,324950,312500,305707.16,300050,325050,330050,340000,340025,350050,359435,351025,345050,339500,330050,10.11,-2.78,78,156,20,43
28420,"Kennewick-Richland, WA",1,Midsized,322700,324500,341335.72,359500,352425,359050,364784.5,367292.84,362401.5,362500,372050,384995,397450,410050,403500,416550,405050,399950,399950,15.33,0,35,72,13,31
28660,"Killeen-Temple, TX",1,Midsized,211000,217982.5,226435.72,235000,234300,231000,227090,225984.28,227074.28,230105,229900,225000,229500,235050,242550,248812.5,250050,249000,243500,6.54,-2.21,132,145,51,62
28700,"Kingsport-Bristol, TN-VA",1,Midsized,167050,165050,177692.86,194750,204050,209950,214950,212692.86,204792.5,199499.5,200050,219950,218750,225050,232433,240000,239950,225050,215050,6.1999998,-4.4400001,139,177,56,74
28940,"Knoxville, TN",1,Large,264950,268800,282421.44,299160.5,299950,300050,314500,308007.16,298750,292450,295950,300000,302500,314950,324950,329950,329950,322500,319950,12.26,-.79000002,62,108,25,30
29180,"Lafayette, LA",1,Midsized,208300,210050,212192.86,215050,218049,219050,220050,218721.42,217171.42,210050,210050,214049.5,217050,219950,219300,227050,234550,235050,230050,5.02,-2.1300001,150,141,60,59
29460,"Lakeland-Winter Haven, FL",1,Large,225050,225975,228150,229000,232045,233950,232425,230263.72,230550,235325,235050,235080,235050,236040,237450,239549.5,245050,249045,249950,7.4099998,.36000001,120,61,41,18
29540,"Lancaster, PA",1,Large,276995,279500,287758.56,295263.56,292500,289950,289500,289378.56,294450,318000,324962,321800,326500,319950,319500,324750,335040,328740,329950,13.17,.37,51,60,20,17
29620,"Lansing-East Lansing, MI",1,Large,169300,175550,183907.14,193900,199900,199950,199950,190864.28,178500,155450,159950,169950,182500,195050,219500,215000,205050,214950,197950,19.68,-7.9099998,12,186,6,55
29700,"Laredo, TX",1,Midsized,178550,179750,179764.28,180764.28,180050,184950,189050,187335.72,185050,185050,189050,190000,197500,195050,195950,199250,200040,207045,200050,8.1099997,-3.3800001,104,165,41,70
29820,"Las Vegas-Henderson-Paradise, NV",1,Very Large,314500,310050,312192.84,316300,319999.5,323050,324950,322907.16,320049.5,323532,327950,335050,328550,329050,336349,340050,343550,345014.5,345295,7.9000001,.079999998,108,66,30,20
30460,"Lexington-Fayette, KY",1,Large,267710,285050,294278.16,306499.5,311250,312550,305000,300478.56,297478.56,304761.5,318050,319519.5,317450,325050,325250,329500,329980,330019.5,328750,12.76,-.38,56,94,22,28
30700,"Lincoln, NE",1,Midsized,272549.5,286375,306156.84,313584.34,320000,314950,314950,305763.84,296299.5,319997.5,324950,319050,317453,329950,335000,331300,328986,326025,324950,9.3900003,-.33000001,86,93,33,38
30780,"Little Rock-North Little Rock-Conway, AR",1,Large,182800,185450,192478.58,199050,199950,199950,199950,199950,199950,199950,205050,215000,213950,229950,235050,232550,237550,236550,238050,19.049999,.63,15,51,7,14
30980,"Longview, TX",1,Midsized,194050,198750,199192.86,200050,199995,199950,199950,204521.42,199750,198550,198950,202500,200050,209550,226550,232450,225050,239800,229950,15.71,-4.1100001,33,176,12,73
31080,"Los Angeles-Long Beach-Anaheim, CA",1,Very Large,719500,727500,755764.31,778800,796550,799050,800049.5,821478.56,850000,939550,959938,960045,902500,915050,970050,994154,999050,995050,995050,16.92,0,25,72,2,21
31140,"Louisville/Jefferson County, KY-IN",1,Very Large,249950,260000,271807.16,285000,289950,285050,277000,268521.44,259950,240000,254950,272495,275050,289890,289950,289950,284950,267500,258050,2.2,-3.53,173,167,51,48
31180,"Lubbock, TX",1,Midsized,219725,225943.5,236378.58,247450,249500,249950,242500,233407.14,224800,237751,239050,243050,245050,249050,257800,252300,265050,265050,249800,13.78,-5.75,47,181,18,78
31340,"Lynchburg, VA",1,Midsized,140000,137950,193207.14,269750,269950,269950,272450,269150,269950,264950,269950,274950,277450,279950,289937.5,285450,289050,282450,268050,-.33000001,-5.0999999,184,179,77,76
31540,"Madison, WI",1,Large,342450,365800,367907.16,366407.16,367050,365050,355603.5,350007.16,349950,352500,367050,372450,379950,384050,387500,377500,365550,359950,360050,4.3800001,.029999999,156,69,51,20
31700,"Manchester-Nashua, NH",1,Midsized,349950,358950,367478.56,373250,373250,375050,374950,370664.28,362450,375700,384050,387450,390950,399950,404950,418000,399950,377300,379950,7.8000002,.69999999,110,49,43,23
32580,"McAllen-Edinburg-Mission, TX",1,Large,189993.5,191750,192135.72,196050,198550,199050,199050,197335.72,195050,199050,197050,199500,199050,200049,215000,215050,218050,222550,230050,17.940001,3.3699999,21,6,11,3
32820,"Memphis, TN-MS-AR",1,Very Large,205950,209487.5,214513,222823.5,232500,234950,234050,237721.42,235000,234232.5,237050,243500,249950,250050,258750,260050,265050,261550,263820,13.96,.87,44,43,10,12
32900,"Merced, CA",1,Midsized,304750,307350,314778.56,323678.56,329500,330000,339500,336050,330500,318975,340050,348750,351652,349950,350000,348950,350050,340436.5,340050,4.6100001,-.11,151,88,61,36
33100,"Miami-Fort Lauderdale-West Palm Beach, FL",1,Very Large,395050,395370,398292.84,399999.5,407050,409050,410000,405707.16,400050,413050,409950,407802,399050,398050,399549.5,403826,405050,410050,410050,2.5,0,170,72,49,21
33340,"Milwaukee-Waukesha, WI",1,Very Large,272450,299950,321150,342500,349750,349550,349500,324563.84,299999.5,287500,319950,327500,340550,374950,369950,362450,345950,326450,299950,3.8099999,-8.1199999,160,187,45,53
33460,"Minneapolis-St. Paul-Bloomington, MN-WI",1,Very Large,378882.5,388050,380578.56,369950,360050,355050,350000,345664.28,339975,371450,375050,373520,365095,369950,369950,367050,360050,354550,347950,2.3499999,-1.86,172,134,50,38
33660,"Mobile, AL",1,Midsized,164950,165092.5,173550,178550,175000,185050,185360.5,184992.86,185149.5,179950,190050,194950,195125,209050,215000,215354.5,214950,218500,219050,16.91,.25,26,63,10,27
33700,"Modesto, CA ",1,Large,342525,347050,356456.56,367475,367050,374050,375300,377850,375045,379600,379950,392450,377500,377800,395050,402525,425050,424999.5,420050,13.29,-1.16,49,119,19,34
33860,"Montgomery, AL",1,Midsized,193000,196550,206578.58,218950,220655,219950,220000,221144.86,219944,222500,225050,235250,240000,240050,242550,240000,237850,235050,233550,7.3499999,-.63999999,121,102,47,43
34820,"Myrtle Beach-Conway-North Myrtle Beach, SC-NC",1,Midsized,255050,256500,258298.58,262300,266300,265050,264125,265907.16,268618,259950,263040,261450,259950,262550,264950,261450,259950,259950,263040,-1.87,1.1900001,188,35,81,17
34940,"Naples-Marco Island, FL",1,Midsized,469750,474817.5,475050,475050,474950,475050,469950,469564.28,467050,499500,499550,499050,490050,495050,499050,496550,497550,499050,499050,6.23,0,138,72,55,31
34980,"Nashville-Davidson--Murfreesboro--Franklin, TN",1,Very Large,355000,357570,364235.72,369950,371840,375950,376000,375449.56,373199.5,368995,371020,378987.5,375045,385050,390050,389995,395976,399950,399950,8.1099997,0,104,72,28,21
35300,"New Haven-Milford, CT",1,Large,259950,259950,270421.44,279500,279950,279050,277037.5,272421.44,268050,259950,265050,274780,275000,279950,289950,290050,289050,280000,285050,7.5500002,1.8,115,24,40,7
35380,"New Orleans-Metairie, LA",1,Very Large,272050,276500,285907.16,296800,299050,298550,294800,290050,289550,279950,284550,289050,289750,299050,300200,315050,324050,325050,329050,15.66,1.23,34,33,6,9
35620,"New York-Newark-Jersey City, NY-NJ-PA",1,Very Large,520050,527718,542050,558550,571550,569394,559550,554624.31,550584.31,550050,559050,569050,575000,575050,577050,593034,619050,625000,639050,15.13,2.25,37,19,8,5
35840,"North Port-Sarasota-Bradenton, FL",1,Large,349950,350000,353850,359050,359950,364950,365050,360764.28,355050,375050,374050,370442,353550,356550,363215,368829.5,369950,374541.5,375050,3.8399999,.14,159,65,52,19
35980,"Norwich-New London, CT",1,Midsized,261499.5,267750,273721.44,282450,292000,299550,299050,297335.72,293800,294050,287550,289050,298550,295050,302500,307450,300050,300050,300050,1.01,0,181,72,74,31
36100,"Ocala, FL",1,Midsized,200000,199950,199435.72,200000,209950,209950,209317.5,212131.42,214631.42,208050,202040,205045,202970,206950,210045,210050,215050,215050,219040,4.5500002,1.86,155,22,62,12
36260,"Ogden-Clearfield, UT",1,Large,379950,385020,398521.44,409950,399500,398050,389050,370192.84,355642.84,390050,399950,408250,394300,419950,450049.5,453200,436450,435000,449050,24.91,3.23,4,7,2,4
36420,"Oklahoma City, OK",1,Very Large,234950,236251,245278.58,253720,257670,257050,255402,250621.42,250121.42,259320,257703,264400,261050,267451,293345,284329,269850,268725,270049,6.6100001,.49000001,131,58,37,18
36500,"Olympia-Lacey-Tumwater, WA",1,Midsized,389525,396050,406528.56,424775,409047.5,399950,399550,399457.16,399932.16,427500,395050,385000,399950,419950,412500,399975,405050,423025,419950,5.2399998,-.73000002,147,103,58,44
36540,"Omaha-Council Bluffs, NE-IA",1,Large,280506,287550,300355.72,310104,300025,294550,298149,291400,279975,298750,308150,304233.5,302500,315050,319947,317615,311050,306050,295050,5.6399999,-3.5899999,144,168,47,50
36740,"Orlando-Kissimmee-Sanford, FL",1,Very Large,299950,300000,306621.44,312500,315050,319950,323050,322485.72,320225,319950,325050,322805,312550,315050,319950,320050,324950,325050,324950,1.5599999,-.029999999,178,84,53,26
37100,"Oxnard-Thousand Oaks-Ventura, CA",1,Large,698550,698050,710192.88,723192.88,725050,739050,750049.5,762478,779050,827525,839950,840050,799050,810050,839500,850000,850050,864550,849050,8.5699997,-1.79,98,132,35,40
37340,"Palm Bay-Melbourne-Titusville, FL",1,Large,283230,288582.5,291192.84,291642.84,291900,295050,297050,296707.16,299000,299950,299950,299950,294838.5,298950,299050,304992.5,310050,318111.5,319950,6.6500001,.57999998,130,52,44,15
37860,"Pensacola-Ferry Pass-Brent, FL",1,Midsized,260050,260000,270992.84,280550,286050,288400,289108,289564.28,289050,286300,284950,292550,289950,295050,301235,299995,299050,299797.5,295355,3.6199999,-1.48,163,127,65,53
37900,"Peoria, IL",1,Midsized,129950,129950,133807.14,138750,138900,139050,138456,137121.42,135750,122495,124950,128750,129950,132050,134950,135050,129950,126500,124050,-4.54,-1.9400001,189,135,82,56
37980,"Philadelphia-Camden-Wilmington, PA-NJ-DE-MD",1,Very Large,249950,251500,265335.72,275050,288000,289950,287050,289335.72,297050,289950,295040,300000,299950,312050,327500,340000,343040,343508,349050,16.719999,1.61,28,27,3,6
38060,"Phoenix-Mesa-Chandler, AZ",1,Very Large,349300,350050,362472.84,373050,376050,384950,386086,389721.44,388471.44,399800,400040,405000,375050,384189,401500,411615,415050,413500,415550,7.6599998,.5,113,57,32,17
38300,"Pittsburgh, PA",1,Very Large,170050,175000,182578.58,189950,197500,199950,199950,199950,199950,189950,200050,215000,217300,225050,247450,249950,249950,249950,245050,24.200001,-1.96,5,137,1,40
38860,"Portland-South Portland, ME ",1,Large,349950,357250,366378.56,377000,383445,388050,389500,385150,380600,399050,399550,399950,410000,419050,415050,431550,425050,425050,425050,10.55,0,70,72,27,22
38900,"Portland-Vancouver-Hillsboro, OR-WA",1,Very Large,474550,479500,480764.28,476014.28,479050,479050,475025,472807.16,469950,480797.5,484950,480000,478450,489950,499950,499950,500050,504550,510050,9.1000004,1.09,88,39,23,11
38940,"Port St. Lucie, FL",1,Midsized,295050,296500,296050,294800,298438.5,299550,299661.5,299234.56,299050,298950,298050,299050,299050,299050,301650,313300,310050,312550,317050,6.3699999,1.4400001,136,30,53,16
39300,"Providence-Warwick, RI-MA",1,Very Large,349950,357450,366421.44,377050,382500,389050,389950,382478.56,377050,372500,389050,399950,399050,399950,432500,434500,429050,412050,399950,6.0700002,-2.9400001,141,160,39,46
39340,"Provo-Orem, UT",1,Large,380750,387000,396664.28,402209.28,399050,399950,408550,395621.44,391071.44,419995,431950,434000,416995,426050,437950,453300,479950,509942.5,523950,30.99,2.75,2,11,1,5
39580,"Raleigh-Cary, NC",1,Very Large,350040,352295,363833.56,370095.5,376500,379950,375050,373292.84,370495,364216,367818,375045,366856.5,374950,385000,384120,386243,390807.5,389950,6.8200002,-.22,127,91,36,28
39740,"Reading, PA",1,Midsized,206550,209500,215864.28,225000,227000,225050,220000,226421.42,237500,247500,250050,260000,275939.5,259950,250000,272438.5,269950,255050,262950,9.5900002,3.0999999,83,8,31,4
39900,"Reno, NV",1,Midsized,432500,438425,454692.84,464692.84,461887.5,474050,470050,465707.16,459050,487547.5,519950,494950,484500,485050,517550,547550,539050,544800,550050,19.450001,.95999998,13,42,6,19
40060,"Richmond, VA",1,Very Large,308500,316775,324287.16,333450,334025,334050,332544.5,325192.44,320049.5,325140,327000,333300,337713,349050,353522.5,357450,358000,355025,357000,11.73,.56,63,54,15,15
40140,"Riverside-San Bernardino-Ontario, CA",1,Very Large,398050,399500,404278.56,410050,417706,419950,419050,415192.84,410000,411550,419050,424550,419900,428050,439500,450000,459050,467545,470050,14.63,.54000002,41,55,9,16
40220,"Roanoke, VA",1,Midsized,239775,245875,256450,267050,280000,285050,277800,273742.84,270000,265000,269950,267025,272500,290000,300000,288775,290000,277525,269050,.64999998,-3.05,183,161,76,67
40380,"Rochester, NY",1,Very Large,189950,199950,212863.72,232500,231000,229950,229950,220007.14,208450,218450,229950,235645,250000,254740,247600,249950,244950,222500,228650,12.89,2.76,53,10,12,1
40420,"Rockford, IL",1,Midsized,134950,134950,140435.72,146750,149850,155050,155050,155007.14,153950,141000,149050,148050,150050,159950,170000,172450,169950,175000,160050,6.2399998,-8.54,137,189,54,81
40900,"Sacramento--Roseville--Arden-Arcade, CA",1,Very Large,449750,460000,475907.16,487050,492550,500049,499050,497335.72,494550,500000,500050,507158.5,499050,504950,517550,525050,528050,544300,549050,12.28,.87,59,43,14,12
41180,"St. Louis, MO-IL",1,Very Large,200949.5,215000,223721.42,229950,235500,237418,230040,228235.72,225450,214500,219950,230000,234000,249550,250050,251800,249950,250050,247950,10.34,-.83999997,74,112,19,32
41420,"Salem, OR",1,Midsized,367050,363000,366921.44,368971.44,369500,369950,375000,377150,377150,392500,399050,404000,399050,415050,426500,429950,430045,447500,429950,13.16,-3.9200001,52,171,21,71
41500,"Salinas, CA",1,Midsized,812050,829550,863764.31,899540,899550,979050,995050,999264.31,999514.31,1002404,1099050,1035050,975154,919550,989404,1049550,1200050,1249050,1200050,20.120001,-3.9200001,11,171,5,71
41540,"Salisbury, MD-DE",1,Midsized,310000,317000,323464.28,327509.28,331250,334950,335000,335671.44,336396.44,332500,334950,339050,337375,339950,345500,348800,353040,355495,355650,6.1700001,.039999999,140,68,57,29
41620,"Salt Lake City, UT",1,Very Large,401500,416550,433990.72,449995,460000,451050,445000,424235.72,408785.72,459500,490050,488499.5,450103.5,471310,492525,502500,490050,482550,495050,15.14,2.5899999,36,14,7,3
41700,"San Antonio-New Braunfels, TX",1,Very Large,290050,290000,296906.72,307999.5,309950,309050,304800,296058.84,290037,287795,290040,297495,296666,300050,312300,315545,313650,309050,300040,3.55,-2.9200001,164,159,46,45
41740,"San Diego-Carlsbad, CA",1,Very Large,662000,669050,684764.31,699550,717050,725050,717050,721621.44,724616.44,734550,749050,749950,727050,749050,772000,792500,779050,776300,795050,11.19,2.4200001,67,17,17,4
41860,"San Francisco-Oakland-Berkeley, CA",1,Very Large,827500,877494,903557.44,933550,950050,949850,914050,916659.13,935709.13,907550,949050,960000,938494,998050,1049775,1054210,1029050,1037050,1049050,11.6,1.16,64,36,16,10
41940,"San Jose-Sunnyvale-Santa Clara, CA",1,Very Large,999050,1075050,1099414.6,1114050,1176550,1161797,1130049.5,1116716.3,1136994,1099550,1199938,1230994,1198050,1199050,1232050,1217050,1199850,1199450,1199050,8.1199999,-.029999999,102,84,27,26
42020,"San Luis Obispo-Paso Robles, CA",1,Midsized,699050,699750,699050,707050,727050,735050,747965,749050,744050,734500,749050,749050,749300,769050,774550,787550,809050,805000,799950,10.34,-.63,74,99,27,41
42100,"Santa Cruz-Watsonville, CA ",1,Midsized,895050,899050,941907.13,991907.13,1024050,999550,973550,985907.13,993907.13,914550,949050,954549.5,959049.5,969050,1029550,1098550,1100045,1087050,1099050,14.84,1.1,40,38,15,18
42200,"Santa Maria-Santa Barbara, CA ",1,Midsized,962050,969228,1022907.1,1092550,1110050,1150050,1250000,1305335.8,1369835.8,1724550,1800050,1875050,1666050,1520050,1668550,1795050,1995050,2272550,2200050,66.099998,-3.1900001,1,162,1,68
42220,"Santa Rosa-Petaluma, CA ",1,Midsized,684050,689050,720907.13,757550,792050,799050,795050,764314.31,751789.31,793221,799050,800044.5,784050,769050,765550,780767,799950,811675,848050,9.4200001,4.48,85,3,32,2
42340,"Savannah, GA",1,Midsized,274200,277500,282092.84,286792,288900,289950,289950,289478.56,289978.56,298500,299050,299950,299950,300050,310950,316413,319950,319500,311800,7.54,-2.4100001,116,149,44,64
42540,"Scranton--Wilkes-Barre, PA ",1,Large,149950,149950,153850,159500,164950,165050,165049.5,164335.72,164085.72,159950,159950,160050,165050,169950,177000,187050,189950,191950,194550,21.629999,1.35,9,31,5,8
42660,"Seattle-Tacoma-Bellevue, WA",1,Very Large,564494,592545,608281.44,627990,629550,619050,604994,599592.88,599050,599675,600050,615025,600022.5,610050,625547.5,629925,625050,627525,625000,6.3800001,-.40000001,135,96,38,29
43340,"Shreveport-Bossier City, LA",1,Midsized,191500,197250,197850,199050,199950,199550,199050,199135.72,196550,189950,189050,192487.5,195725,199050,205550,206300,199950,199950,195550,1.3200001,-2.2,180,144,73,61
43620,"Sioux Falls, SD ",1,Midsized,235000,234950,239175.72,244880,244950,244950,245050,247150,249600,244315,242950,245500,249950,249950,252500,254950,250050,249950,247950,-.80000001,-.80000001,186,109,79,48
43780,"South Bend-Mishawaka, IN-MI",1,Midsized,153500,162000,184850,210050,229050,224550,222450,203278.58,189778.58,179950,209950,222495,216050,235050,250050,242500,245050,247750,219950,19.049999,-11.22,15,191,8,83
43900,"Spartanburg, SC",1,Midsized,219040,218125,220312.86,223085,227153,229950,232793.5,231385.72,232435.72,224950,227050,236115,232000,239050,248452.5,240041,247804,243045,245050,7.0100002,.81999999,124,47,48,22
44060,"Spokane-Spokane Valley, WA",1,Large,335050,337295,341478.56,350050,359050,359050,350050,344976.44,339297.5,356025,369950,377050,381300,389950,388042.5,397500,390050,390050,380050,8.6599998,-2.5599999,96,152,34,45
44140,"Springfield, MA",1,Large,249950,249500,261907.14,280675,289950,299050,292400,285664.28,280664.28,277500,279950,312000,314000,329950,349094,349950,349950,352050,338550,23.110001,-3.8299999,6,170,3,52
44180,"Springfield, MO",1,Midsized,190200,195050,208478.58,227500,239500,235050,231450,224621.42,224121.42,219950,220050,232500,230050,245050,260000,254950,250050,257500,245050,8.9399996,-4.8299999,92,178,35,75
44700,"Stockton, CA",1,Large,395300,389750,409104.28,425050,425050,431049,439500,435706.72,429799.5,435000,445050,437800,438550,435950,450045,450000,455050,472475,459050,6.9899998,-2.8399999,125,157,43,48
45060,"Syracuse, NY",1,Large,170000,175000,185721.42,204950,205799.5,204827,202450,197807.14,194750,174050,184950,189300,195000,199950,207500,207500,207550,200000,199950,10.01,-.029999999,80,84,31,25
45220,"Tallahassee, FL",1,Midsized,227500,235050,238664.28,236000,237000,240050,245050,240764.28,235764.28,237050,239050,245000,245000,245050,245450,249950,249950,250050,250050,4.1900001,0,157,72,63,31
45300,"Tampa-St. Petersburg-Clearwater, FL",1,Very Large,264545,268694,273481.44,278620,280000,284950,282970,280001.44,279950,279500,279950,282050,279300,284950,292500,298050,299950,300050,307950,10,2.6300001,81,13,21,2
45780,"Toledo, OH",1,Large,136800,137450,152807.14,169500,181950,175050,169950,165664.28,160000,154950,153850,156084,169000,178950,187550,190050,189950,177500,174950,9.3800001,-1.4400001,87,126,32,37
45940,"Trenton-Princeton, NJ",1,Midsized,289922.5,300049.5,324950,347450,379000,385050,376000,369992.84,374550,340000,359950,390250,383800,399850,420930,425050,425050,429940,425050,14.41,-1.14,42,118,16,52
46060,"Tucson, AZ",1,Very Large,279800,285050,293906.56,299050,299050,295040,287630.5,291430,292010,297010,300050,299950,297245,301350,323300,325050,324950,319300,312605,7.96,-2.0999999,107,140,29,41
46140,"Tulsa, OK",1,Large,216049.5,221493,229235.72,233785.72,239950,239550,241945,241979.28,244346.78,245050,246555,256050,262311.5,269050,282500,294285,282050,281549.5,275050,11.46,-2.3099999,66,147,26,44
46220,"Tuscaloosa, AL",1,Midsized,214950,215500,224235.72,229950,239450,237550,239950,241092.86,237500,226697.5,239950,242450,247950,244950,249950,257000,252950,259500,254950,8.5100002,-1.75,100,130,39,54
46520,"Urban Honolulu, HI",1,Large,699050,699050,699050,699050,698550,699050,698050,694621.44,689550,655050,636050,627050,612550,610050,619550,620050,619050,602500,602550,-11.33,.0099999998,191,71,55,21
46540,"Utica-Rome, NY",1,Midsized,129950,134250,141435.72,149950,157500,159950,159999.5,159950,159950,148300,141950,149950,152450,169050,169950,169950,169950,164950,169050,9.1000004,2.49,88,15,34,7
46700,"Vallejo, CA ",1,Midsized,458550,460000,470763.84,485049.5,484550,499050,498050,494050,490550,465050,470050,480049.5,490049,489950,497050,502549.5,505050,485050,499050,2.8900001,2.8900001,166,9,66,5
47260,"Virginia Beach-Norfolk-Newport News, VA-NC",1,Very Large,279995,285000,291435.72,299950,301050,300050,300050,300006.56,299950,310000,310450,315050,316050,324950,329995,331995,334950,329995,320590,6.8800001,-2.8499999,126,158,35,44
47300,"Visalia, CA ",1,Midsized,269888.5,269950,275850,276057.5,275457.5,282900,281550,279050,278550,274500,269950,269950,270450,272050,277500,285050,309050,332050,345050,27.82,3.9200001,3,5,2,3
47380,"Waco, TX",1,Midsized,200050,213950,221378.58,231750,231250,229950,235549.5,232478.58,227050,222550,224950,228550,232500,249950,258950,254050,254950,252050,249950,11.58,-.82999998,65,111,24,49
47900,"Washington-Arlington-Alexandria, DC-VA-MD-WV",1,Very Large,432500,447040,462907.16,479550,489450,487058,475050,475108.28,475568,479950,495050,505000,499999.5,510050,529845,529995,525050,519050,502050,4.5999999,-3.28,152,164,42,47
48620,"Wichita, KS",1,Large,186800,195350,203707.14,212550,218900,215050,202200,199992.86,202050,200612,205050,210050,219950,230050,248027.5,246150,240050,229250,227050,8.9200001,-.95999998,93,115,33,33
48900,"Wilmington, NC",1,Midsized,344500,341497.5,353044.28,356549.28,362500,352050,359950,365564.28,366114.28,358550,359950,369500,361050,369050,369500,368085.5,369950,378495,378800,5.2199998,.079999998,148,66,59,28
49180,"Winston-Salem, NC",1,Large,234950,241500,255988.58,269495,274500,279050,279500,277907.16,275407.16,276825,294950,296550,289500,300050,307550,315050,308130,300685,303830,8.1199999,1.05,102,40,36,11
49340,"Worcester, MA-CT",1,Large,301050,312550,332378.56,349450,351912.5,354950,349950,345664.28,339950,339950,344950,358550,362549.5,369950,382500,387050,377950,379950,375050,10.33,-1.29,76,122,30,35
49420,"Yakima, WA",1,Midsized,289300,291050,305050,322500,319750,325050,324950,312478.56,309478.56,305000,294550,335000,342300,349950,372550,389950,389050,382250,344950,8.6300001,-9.7600002,97,190,37,82
49620,"York-Hanover, PA",1,Midsized,218235,219950,219950,219950,226800,229950,237500,239992.86,240042.86,240921.5,252190,259790,268650,265050,255700,260315,272050,265450,260050,10.77,-2.03,68,138,25,57
49660,"Youngstown-Warren-Boardman, OH-PA",1,Large,119950,119250,122092.86,122092.86,123750,128850,129950,129092.86,128092.86,119950,119050,119950,119750,125050,129950,131500,135050,139500,139050,10.36,-.31999999,73,92,29,27
