cbsa_code,cbsatitle,topmetro,metrosize,pass01_2019,pass02_2019,pass03_2019,pass04_2019,pass05_2019,pass06_2019,pass07_2019,pass08_2019,pass09_2019,pass10_2019,pass11_2019,pass01_2020,pass02_2020,pass03_2020,pass04_2020,pass05_2020,pass06_2020,pass07_2020,pass08_2020,pass09_2020,pass10_2020,pass11_2020,chg_imp,chg_traj,rank_imp,szrank_imp,rank_traj,szrank_traj
10420,"Akron, OH",1,Large,36021,33952,43271,35547,35219,39703,39458,36370,35274,37205,35926,30459,34912,21167,2265,4594,5375,10055,9041,9171,11065,10204,-71.597176,-7.7812924,146,38,97,24
10580,"Albany-Schenectady-Troy, NY",1,Large,120355,117551,142374,130910,122623,139750,158945,157962,131506,149348,129516,109039,127756,71360,5952,19259,33631,36162,34611,32907,40303,33828,-73.881218,-16.065802,154,43,144,38
10740,"Albuquerque, NM",1,Large,190042,177638,229856,200101,228975,270277,274284,259442,246451,284908,228374,162353,184954,106653,9605,30095,51396,61223,61478,71272,82376,62524,-72.622101,-24.099253,149,40,159,44
10900,"Allentown-Bethlehem-Easton, PA-NJ",1,Large,31283,32752,40451,41108,36906,47895,51529,48743,37430,43030,39376,29410,39442,23595,2097,9794,15142,15342,14021,14704,20778,17122,-56.516659,-17.595533,86,22,148,41
11100,"Amarillo, TX",1,Midsized,29512,27597,33751,29182,32449,37455,37837,35111,32666,36246,33517,25288,28831,16816,2004,7109,11590,15946,18750,18582,18723,18224,-45.62759,-2.6651711,24,16,54,23
11260,"Anchorage, AK ",1,Midsized,184141,169782,218509,179638,235440,356752,429629,424715,287111,225126,204480,165396,180805,130876,24812,54042,95020,152202,165877,136735,112784,95139,-53.47271,-15.64495,62,36,142,54
11460,"Ann Arbor, MI ",1,Midsized,,,,,,,,,,,,,,,,,,,,,,,,,,,,
11700,"Asheville, NC",1,Midsized,52945,49550,67990,62489,71354,87116,92516,87283,79276,93843,81702,57054,62457,38392,2032,11195,24390,33934,33707,31141,46509,41065,-49.738071,-11.705261,40,29,120,43
12060,"Atlanta-Sandy Springs-Alpharetta, GA",1,Very Large,1806826,1775558,2174361,1874790,2107280,2387446,2394955,2241210,2065559,2170740,2017902,1641947,1816044,1038025,97238,267592,466575,701792,722619,766496,881213,875717,-56.6026,-.62368578,87,20,38,14
12100,"Atlantic City-Hammonton, NJ",1,Midsized,51603,52072,60904,51274,39957,42911,47558,46980,38291,44106,46687,43850,54464,31843,1201,3964,13196,13515,9777,8053,13576,17464,-62.593441,28.638775,122,59,2,1
12260,"Augusta-Richmond County, GA-SC",1,Large,23970,22584,29912,37129,28763,30108,28687,29540,29850,31500,30230,22674,24631,15573,3122,8515,7541,12785,13639,14613,15597,16307,-46.056896,4.5521574,25,9,15,3
12420,"Austin-Round Rock-Georgetown, TX",1,Very Large,549627,547819,719309,633936,683035,801746,802485,735428,701768,779668,739712,544978,617445,352748,23174,79948,154328,206511,207648,211672,256528,263438,-64.386414,2.6936631,129,35,19,8
12540,"Bakersfield, CA",1,Large,9203,8773,11409,10419,10492,12486,13331,12698,11974,13512,12633,11023,12530,8533,1336,4029,4857,8098,8141,7776,9715,9626,-23.802738,-.91610909,4,2,43,9
12580,"Baltimore-Columbia-Towson, MD",1,Very Large,709979,659173,867749,819699,849720,1012176,1023852,1004714,836829,931739,889859,650933,709524,403556,35543,95842,198266,325751,327092,292665,342517,332615,-62.621605,-2.8909514,123,32,56,22
12940,"Baton Rouge, LA",1,Large,32562,30371,38754,35137,34624,40303,39158,36392,37357,42697,39684,30226,33973,18665,2219,7266,8793,12865,14017,18078,19757,18899,-52.376274,-4.3427644,55,17,64,15
13140,"Beaumont-Port Arthur, TX ",1,Midsized,2321,2175,2512,2197,2635,2695,2920,2866,2745,3102,2761,1818,2094,1436,280,840,1123,1346,1051,1451,2169,2048,-25.823977,-5.5786076,6,3,74,29
13820,"Birmingham-Hoover, AL",1,Very Large,117053,114296,139569,115245,134050,146560,144506,135683,129671,149008,138365,99458,114526,64624,6730,22881,31993,44543,51533,51134,60389,60566,-56.227371,.29309973,82,18,31,12
14260,"Boise City, ID",1,Large,161902,149190,177360,144309,163969,196889,204572,199130,185966,193026,181868,146671,161640,87509,10464,34111,57367,82106,92656,89846,102732,96791,-46.779533,-5.7830081,29,10,75,18
14460,"Boston-Cambridge-Newton, MA-NH",1,Very Large,1456595,1499599,1794784,1729011,1762771,2055499,2110569,2152456,1856469,2009145,1743362,1308372,1559802,832408,49495,136810,235528,398185,386631,352147,449616,426390,-75.542084,-5.1657414,156,50,72,28
14500,"Boulder, CO ",1,Midsized,,,,,,,,,,,,,,,,,,,,,,,,,,,,
14740,"Bremerton-Silverdale-Port Orchard, WA",1,Midsized,,,,,,,,,,,,,,,,,,,,,,,,,,,,
14860,"Bridgeport-Stamford-Norwalk, CT",1,Large,,,,,,,,,,,,,,,,,,,,,,,,,,,,
15180,"Brownsville-Harlingen, TX",1,Midsized,38971,38522,50885,42214,37456,45904,47901,39230,35461,37952,37224,36136,42137,29555,4002,8896,11666,13521,16955,18981,21643,23225,-37.607456,7.3095226,12,9,11,5
15380,"Buffalo-Cheektowaga, NY",1,Very Large,186267,194946,245946,227186,222086,243505,275182,275835,230777,247028,217497,158637,191494,106837,7155,25830,41789,46297,45646,44022,55497,49545,-77.220375,-10.724904,159,53,115,43
15940,"Canton-Massillon, OH ",1,Midsized,,,,,,,,,,,,,,,,,,,,,,,,,,,,
15980,"Cape Coral-Fort Myers, FL",1,Large,561796,582194,783208,584048,353904,324849,313505,299239,247583,328544,468551,510532,646901,518044,44642,104058,138406,151750,131800,137133,214839,266566,-43.108433,24.077099,19,6,4,2
16300,"Cedar Rapids, IA",1,Midsized,47283,47446,60218,43340,50738,66167,67355,59660,55960,63324,57464,49382,60971,34860,1770,9181,15031,21474,22304,21956,28292,26055,-54.658569,-7.9068289,71,41,98,38
16620,"Charleston, WV ",1,Midsized,16995,16394,20371,18219,21227,23901,23740,24079,21928,23557,21343,15855,17917,10931,1580,3454,4818,8188,8002,8503,9832,9083,-57.442722,-7.6179819,94,48,93,37
16700,"Charleston-North Charleston, SC",1,Large,147657,151538,207282,197540,209467,239336,239468,228066,182262,229274,213166,135584,160492,102379,7533,29420,57461,78062,80102,78923,97215,92884,-56.426449,-4.4550738,83,20,67,16
16740,"Charlotte-Concord-Gastonia, NC-SC",1,Very Large,653422,641614,785915,757281,777690,927877,947186,907146,783249,870674,795742,649221,730198,434934,53108,129986,210417,293776,300083,308456,376709,351963,-55.769207,-6.5689964,79,16,83,31
16860,"Chattanooga, TN-GA",1,Large,42831,42739,53044,46202,49318,52280,52229,50299,54417,59124,51704,38599,42278,23868,3107,9901,10187,15243,18416,18979,24742,21748,-57.937489,-12.100881,95,26,123,31
16980,"Chicago-Naperville-Elgin, IL-IN-WI",1,Very Large,2426950,2349441,3154308,2636343,2928896,3452322,3490134,3409961,3091178,3259660,2920205,2183120,2408032,1413223,200287,418833,637235,897533,952982,980342,1112087,1006721,-65.525673,-9.4746189,134,39,104,38
17140,"Cincinnati, OH-KY-IN",1,Very Large,300245,294274,397061,326998,374313,447221,444987,396764,368167,408441,358156,278970,321517,180343,14376,58046,104877,141953,126327,130810,162456,139060,-61.173344,-14.401438,114,26,134,50
17300,"Clarksville, TN-KY ",1,Midsized,,,,,,,,,,,,,,,,,,,,,,,,,,,,
17460,"Cleveland-Elyria, OH",1,Very Large,344376,341997,443004,373481,410845,493812,496098,459361,414177,444365,393154,314287,366446,206293,15286,56823,111138,165259,159218,155255,185309,171184,-56.458794,-7.6224036,85,19,94,36
17780,"College Station-Bryan, TX",1,Midsized,6250,6853,8147,6421,7232,7350,7350,7226,8454,9467,8980,6184,7326,4612,430,1627,1485,2544,3251,3894,4346,4632,-48.418709,6.5807638,38,27,12,6
17820,"Colorado Springs, CO",1,Large,63330,57793,66645,57621,68101,83914,88918,83267,79192,83854,76597,57170,62986,37952,4698,10893,12083,29265,35620,34866,39946,33006,-56.909538,-17.373455,89,23,147,40
17900,"Columbia, SC",1,Large,49268,48451,58847,53761,54726,63053,60695,61533,57738,63196,59258,45338,50870,30053,4016,10742,15761,21329,23973,23405,25360,24749,-58.235176,-2.409306,98,28,53,10
17980,"Columbus, GA-AL",1,Midsized,3175,3254,4985,4373,4516,4824,4894,4857,4742,5053,5075,3205,3426,2547,484,622,486,1581,2353,2293,2414,2474,-51.251232,2.4855013,47,31,21,10
18140,"Columbus, OH",1,Very Large,305324,310495,415954,329429,368225,427260,427127,386154,367341,414285,368828,273913,323408,177182,13378,55275,101603,141013,129554,128853,151505,138769,-62.375687,-8.4063234,121,31,100,37
18580,"Corpus Christi, TX",1,Midsized,28115,27055,33081,28799,30382,36331,35296,32194,30234,33709,31297,24601,28260,18322,2614,7803,10399,12849,15090,15994,18300,19134,-38.863152,4.5573769,14,11,14,8
18880,"Crestview-Fort Walton Beach-Destin, FL ",1,Midsized,40706,40848,60558,58288,76554,113366,119584,99851,69538,70706,56645,34925,42784,34607,3071,22797,50654,68784,65974,50791,57950,40072,-29.257658,-30.850733,8,5,162,64
19100,"Dallas-Fort Worth-Arlington, TX",1,Very Large,1950050,1807446,2248218,1914428,2152814,2550207,2588800,2354296,2170091,2376322,2186111,1784932,1912612,1193646,174068,427837,668199,900219,919657,959888,1121813,1064244,-51.317932,-5.1317821,48,3,71,27
19340,"Davenport-Moline-Rock Island, IA-IL ",1,Midsized,30272,29118,34345,27562,29416,34751,34193,31427,28374,35506,29533,25571,29410,17284,1204,4575,7949,11992,11103,10962,14498,12329,-58.253479,-14.960684,99,50,139,52
19430,"Dayton-Kettering, OH",1,Large,70985,69312,87927,75414,79989,90547,88656,84990,81341,86858,79461,61204,70677,39518,5484,14019,20170,26512,26744,28728,33028,28683,-63.903046,-13.155504,126,34,129,34
19660,"Deltona-Daytona Beach-Ormond Beach, FL",1,Large,29965,29532,40751,33482,30888,32769,33402,33335,26876,32110,30708,27954,31603,21951,2857,7263,6362,10557,12904,14195,15228,15284,-50.227955,.36774364,42,12,30,6
19740,"Denver-Aurora-Lakewood, CO",1,Very Large,1660131,1579155,1940819,1557417,1793667,2155598,2302858,2135181,1948802,1994602,1769813,1465169,1648163,965298,89681,303228,535712,837963,921819,899701,987386,842021,-52.423164,-14.722206,57,6,137,51
19780,"Des Moines-West Des Moines, IA",1,Large,109243,111700,130702,107097,117563,136017,137032,127667,115852,125993,118067,103274,121068,70937,5529,19959,33947,50020,49485,46636,56677,51442,-56.429825,-9.2365513,84,21,103,28
19820,"Detroit-Warren-Dearborn, MI",1,Very Large,933419,927038,1185586,925194,986962,1136159,1201189,1180523,1026741,1115660,1013505,826162,985752,527301,74708,150550,244945,375079,404796,378274,451516,418886,-58.669567,-7.2267652,101,22,89,34
20260,"Duluth, MN-WI ",1,Midsized,14521,12953,17625,14567,15389,21647,23348,23690,21100,20379,16988,15347,17658,10287,1087,1933,2971,6373,9014,8894,8947,7073,-58.364727,-20.945568,100,51,156,60
20500,"Durham-Chapel Hill, NC",1,Large,,,,,,,,,,,,,,,,,,,,,,,,,,,,
21340,"El Paso, TX",1,Large,133807,120174,154536,136823,150806,172233,176885,157957,145113,158048,153203,109047,121841,79577,12661,29408,41374,57943,67892,66959,70961,62076,-59.481213,-12.520962,107,30,126,33
21500,"Erie, PA",1,Midsized,8121,7871,8942,8063,9558,10692,11190,11334,10565,10787,9179,7633,8343,4694,553,1570,2113,3485,3607,3641,4388,4097,-55.365509,-6.6317229,75,44,85,33
21660,"Eugene-Springfield, OR",1,Midsized,41096,36387,49234,44161,45361,60411,63819,62816,56825,59718,53672,40039,44764,27498,2638,9245,16810,21446,24401,21673,26868,26393,-50.825382,-1.7679024,46,30,49,21
21780,"Evansville, IN-KY",1,Midsized,17980,18702,22692,18562,22803,26518,25677,22570,22359,25001,20832,16850,19047,11022,1005,4390,6786,10258,8999,10228,12154,9959,-52.193741,-18.059898,54,34,150,56
22180,"Fayetteville, NC ",1,Large,20330,18589,20647,18119,19600,21425,20585,21421,19098,20517,20829,17467,18150,11976,2424,5712,6583,10007,10678,11027,11712,11658,-44.029957,-.46106556,21,8,37,7
22220,"Fayetteville-Springdale-Rogers, AR",1,Large,59136,59974,71432,64849,78197,93020,92399,80708,78960,89429,78758,62598,69763,35693,3192,11587,18075,28003,26518,27173,33135,30469,-61.313137,-8.0458727,116,32,99,25
22420,"Flint, MI ",1,Midsized,29117,28447,32792,27098,23597,25966,29114,26734,26130,27956,28903,27051,39018,23642,2676,9371,10003,11530,13018,13551,17442,14846,-48.63509,-14.883615,39,28,138,51
22660,"Fort Collins, CO",1,Midsized,24708,23753,28385,2262,1793,3186,3330,3257,2925,2606,2277,20366,27434,16185,97,265,653,1996,2519,2815,2839,2269,-.35133949,-20.077492,1,1,155,59
22900,"Fort Smith, AR-OK ",1,Midsized,7293,6670,8381,7192,8327,9825,9848,8785,9002,10080,8875,6515,7171,4039,445,1462,1874,3387,2928,3382,3729,3596,-59.481689,-3.5666399,108,55,60,24
23060,"Fort Wayne, IN",1,Midsized,33326,32881,41581,30307,34216,41991,41601,35847,34528,41145,36644,30870,37157,22251,2584,8904,15003,19572,17657,17796,25058,19580,-46.566967,-21.861282,27,18,157,61
23420,"Fresno, CA",1,Large,75931,69581,80697,78786,80892,97373,98555,89153,84501,91581,85974,70513,73803,43515,6135,15187,23803,40344,40883,42254,53231,50845,-40.860027,-4.4823503,15,4,68,17
23540,"Gainesville, FL ",1,Midsized,21646,21640,26782,23145,22340,23625,22719,23210,23319,27067,26412,22876,24684,14442,1894,5080,6662,7604,8950,10039,11782,12039,-54.418446,2.1812935,69,39,22,11
24340,"Grand Rapids-Kentwood, MI",1,Very Large,152821,158795,195220,137792,143282,174574,180436,173500,160521,179214,160308,144413,178459,93925,8165,28184,42187,69216,76611,72451,81611,72416,-54.826958,-11.266864,73,12,116,44
24540,"Greeley, CO",1,Midsized,,,,,,,,,,,,,,,,,,,,,,,,,,,,
24580,"Green Bay, WI ",1,Midsized,34738,32905,44945,37443,39205,47612,50625,52243,49689,51869,41482,34212,37095,21028,1561,3213,5806,17879,21065,18932,19886,17005,-59.006317,-14.487579,105,53,135,50
24660,"Greensboro-High Point, NC",1,Large,82835,78577,99161,97681,95067,107570,105683,107148,98637,110732,102357,78250,83783,46543,4197,11984,19176,27975,29487,31638,35944,32885,-67.872253,-8.5104609,140,37,101,26
24860,"Greenville-Anderson, SC",1,Large,,,,,,,,,,,,,,,,,,,,,,,,,,,,
25060,"Gulfport-Biloxi, MS",1,Midsized,30859,28768,36128,32562,33863,34313,34253,33967,33402,39454,37764,28706,34448,19540,3170,7395,10573,13783,17374,17302,21827,21822,-42.214809,-.022907408,17,12,32,14
25180,"Hagerstown-Martinsburg, MD-WV",1,Midsized,1597,1372,2021,1815,2067,4373,4895,2945,1520,1724,1842,1167,1410,788,9,717,2311,2055,1712,970,1002,992,-46.145493,-.99800402,26,17,46,19
25420,"Harrisburg-Carlisle, PA",1,Large,59008,58797,71408,66795,69084,80290,78405,76483,73046,82667,75185,60859,68782,36207,3199,12190,18633,25810,25642,26530,30584,26453,-64.816124,-13.507063,132,35,131,35
25540,"Hartford-West Hartford-East Hartford, CT",1,Very Large,252137,246989,295647,285125,273991,301101,319319,312598,276003,311872,283305,224169,252796,140405,10688,36707,66039,79963,75612,66706,85053,85524,-69.812042,.55377233,144,45,29,11
25860,"Hickory-Lenoir-Morganton, NC",1,Midsized,,,,,,,,,,,,,,,,,,,,,,,,,,,,
26420,"Houston-The Woodlands-Sugar Land, TX",1,Very Large,1589200,1447015,1806117,1544175,1674748,1986151,2051998,1845426,1578815,1794734,1745592,1452940,1533428,982712,98842,230067,367142,521921,585082,640977,774784,802315,-54.037655,3.5533774,66,11,17,6
26580,"Huntington-Ashland, WV-KY-OH",1,Midsized,5593,5796,7634,7287,10952,17721,17837,9796,6655,7969,7868,5479,6648,4366,259,4369,10295,9729,5764,4131,4136,3477,-55.808338,-15.933269,80,45,143,55
26620,"Huntsville, AL",1,Midsized,49432,51165,64057,54632,60730,67890,67762,64725,62493,69526,62667,49125,55887,29157,2735,8412,11935,17387,18557,21514,26756,24127,-61.499672,-9.8258333,118,58,108,40
26900,"Indianapolis-Carmel-Anderson, IN",1,Very Large,338415,340333,473733,345973,405201,466326,470284,406732,389559,453554,403434,316961,372185,214573,18734,69813,122582,169084,146470,152156,205855,166127,-58.821766,-19.299021,104,23,153,53
27140,"Jackson, MS",1,Large,45553,44594,55064,46810,54500,58547,59329,53411,50700,57484,53035,38582,42542,25289,2938,8737,11831,16948,16757,18946,22069,21422,-59.607807,-2.9317141,109,31,58,12
27260,"Jacksonville, FL",1,Very Large,253495,251962,332043,286645,289351,326218,328748,316753,263017,312206,295581,220767,249631,155624,13085,46279,82900,101821,98203,104389,118686,117889,-60.116177,-.67151982,111,24,39,15
28020,"Kalamazoo-Portage, MI",1,Midsized,12644,12030,15796,13421,15621,5753,16330,16150,15535,17080,15486,11384,13262,7192,662,1163,1910,3748,4035,3576,5220,4542,-70.67028,-12.988505,145,63,127,47
28140,"Kansas City, MO-KS",1,Very Large,403783,390106,490732,406605,484892,547519,555454,489603,471810,524884,451771,362040,403412,227571,18918,71618,124543,169414,166964,168212,191858,177536,-60.702213,-7.4648957,112,25,91,35
28420,"Kennewick-Richland, WA",1,Midsized,33709,30964,38657,31275,32695,42344,43691,41057,37370,40999,39677,31789,32231,16347,2088,6374,9646,14685,16229,14901,18701,19083,-51.904125,2.0426714,52,33,23,12
28660,"Killeen-Temple, TX",1,Midsized,11847,11607,14639,11832,13641,14729,15260,15378,12822,12951,13762,11131,11603,9583,2229,4316,4497,7164,9108,8374,10047,9661,-29.799448,-3.8419428,9,6,61,25
28700,"Kingsport-Bristol, TN-VA",1,Midsized,16843,15708,19610,17480,19965,22895,22836,21330,21481,25609,21810,16786,17838,10471,1601,4390,5997,8932,8636,9421,11633,9301,-57.354424,-20.046419,93,47,154,58
28940,"Knoxville, TN",1,Large,88801,85307,111523,93295,113653,134354,137569,123945,116751,130930,115255,87075,97188,58353,6670,23038,39134,51426,49575,49810,66425,56680,-50.82209,-14.670681,45,14,136,36
29180,"Lafayette, LA",1,Midsized,22347,19811,22776,21857,22986,27081,26871,24052,23140,25247,22830,17630,19463,10296,1951,5390,5893,10168,9453,11444,11785,13054,-42.82085,10.767925,18,13,9,4
29460,"Lakeland-Winter Haven, FL",1,Large,,,,,,,,,,,,,,,,,,,,,,,,,,,,
29540,"Lancaster, PA",1,Large,380,326,462,404,421,579,495,506,502,583,495,387,409,223,23,71,121,196,195,206,250,208,-57.979797,-16.799999,96,27,146,39
29620,"Lansing-East Lansing, MI",1,Large,16643,17811,20239,13337,14322,15507,15315,15219,15401,17112,16057,15094,18137,9593,866,1690,1888,3073,4038,4289,5332,4389,-72.66613,-17.685671,150,41,149,42
29700,"Laredo, TX",1,Midsized,7277,6691,7937,6593,7703,10201,9490,8274,7565,8253,8608,7195,7575,4000,632,1459,2076,2768,3184,3283,4368,4479,-47.967007,2.5412087,34,23,20,9
29820,"Las Vegas-Henderson-Paradise, NV",1,Very Large,1786162,1659198,1977961,1742484,1822387,1979980,1978896,1950637,1980268,2086870,1924554,1634292,1772688,1009494,57367,170850,408582,698107,773851,785959,910897,851812,-55.739773,-6.4864635,78,15,82,30
30460,"Lexington-Fayette, KY",1,Large,55497,53483,67933,57423,67055,78258,76037,67252,66424,78349,67116,51847,58481,34707,3804,11718,21129,25521,23166,24867,30286,27654,-58.796711,-8.690484,103,29,102,27
30700,"Lincoln, NE",1,Midsized,12239,12316,15030,13061,13959,15727,15859,14713,14450,15910,13769,12222,13349,7085,327,1429,2320,2988,2776,3167,3452,3090,-77.558281,-10.486674,160,64,112,42
30780,"Little Rock-North Little Rock-Conway, AR",1,Large,86610,81897,102142,89112,105736,115509,117035,102032,100171,110209,98951,75073,82138,46423,6655,19520,28787,40722,43150,42424,48098,46393,-53.115177,-3.5448461,61,19,59,13
30980,"Longview, TX",1,Midsized,1656,1770,2609,2131,2431,2700,2902,2840,2649,2833,2466,1731,1813,1257,153,693,1025,1536,1113,1323,1943,1752,-28.953772,-9.8301592,7,4,109,41
31080,"Los Angeles-Long Beach-Anaheim, CA",1,Very Large,3870107,3517987,4265591,3787147,3899954,4707055,4854752,4778162,4128541,4262673,4075502,3308116,3453642,1916791,208281,465920,719647,1014897,1129557,1162342,1321957,1266752,-68.917892,-4.1760058,141,44,62,24
31140,"Louisville/Jefferson County, KY-IN",1,Very Large,146336,143605,185836,150806,184511,210686,207162,186453,183727,214176,176973,130683,152928,83505,8577,26727,48901,67862,61695,67419,80573,67546,-61.832596,-16.167948,119,29,145,52
31180,"Lubbock, TX",1,Midsized,39729,40438,49926,41856,45431,50600,51146,50913,46551,52453,48186,37276,41101,25522,2978,11013,15793,19547,23525,23222,26202,25670,-46.727264,-2.0303793,28,19,52,22
31340,"Lynchburg, VA",1,Midsized,6192,6643,8230,7072,8063,7478,7612,7748,8605,9756,9331,6730,7782,5857,720,2182,2855,3857,4489,3756,5171,5154,-44.764763,-.32875654,22,14,35,17
31540,"Madison, WI",1,Large,86235,89219,107390,89080,93453,106803,106838,115298,102135,111494,97705,86921,100479,51561,2860,8857,14291,25031,28559,25941,28138,26510,-72.867302,-5.7857699,151,42,76,19
31700,"Manchester-Nashua, NH",1,Midsized,435,395,543,497,449,559,556,648,629,768,603,398,365,267,43,79,170,196,225,182,230,216,-64.179108,-6.0869565,128,60,81,32
32580,"McAllen-Edinburg-Mission, TX",1,Large,32359,31517,39017,31690,37682,48118,50610,38794,33167,37284,38551,31021,35271,22342,3535,9214,9102,12559,15662,15413,18467,18763,-51.329407,1.6028591,49,15,26,5
32820,"Memphis, TN-MS-AR",1,Very Large,172776,166352,215805,184545,220445,241982,239933,211957,204621,238318,216587,160840,178482,109226,13601,40694,60358,84002,88289,91647,109510,103070,-52.411732,-5.8807416,56,5,78,29
32900,"Merced, CA",1,Midsized,398,486,560,513,528,574,592,537,503,644,588,431,516,204,63,297,358,282,334,355,309,391,-33.503403,26.537216,10,7,3,2
33100,"Miami-Fort Lauderdale-West Palm Beach, FL",1,Very Large,4554558,4077107,4885651,3991926,3740759,4201753,4406652,4215641,3241484,3709331,4142239,4075597,4449532,2912332,211432,476088,869405,1224627,1226897,1247866,1617237,1916937,-53.722202,18.531607,64,9,5,1
33340,"Milwaukee-Waukesha, WI",1,Very Large,268757,270457,349588,269714,268884,319127,335219,330110,294860,318611,281659,239096,275486,155191,12639,40235,68965,93345,104693,94083,106826,95523,-66.085587,-10.580757,135,40,113,42
33460,"Minneapolis-St. Paul-Bloomington, MN-WI",1,Very Large,996570,976436,1280944,937026,950858,1177179,1224865,1243937,1064588,1139298,995295,910110,1049463,612884,52687,124701,196586,330040,365861,326894,387645,334897,-66.35199,-13.607295,137,42,132,49
33660,"Mobile, AL",1,Midsized,26984,25636,34665,28953,35406,37151,37689,34548,33361,37742,34873,28640,32304,20217,3044,7043,7467,13279,14940,14362,16576,15768,-54.784504,-4.8745174,72,42,70,27
33700,"Modesto, CA ",1,Large,,,,,,,,,,,,,,,,,,,,,,,,,,,,
33860,"Montgomery, AL",1,Midsized,16799,16840,21056,18193,18757,21347,22339,20825,19757,22222,20834,17046,18995,13024,1767,4232,4206,6835,7664,8247,9934,8721,-58.140541,-12.21059,97,49,124,46
34820,"Myrtle Beach-Conway-North Myrtle Beach, SC-NC",1,Midsized,52483,55396,89377,100866,137942,169236,190199,183582,107675,119434,79816,43771,57217,49078,2978,13323,50904,88700,84371,60163,66630,49575,-37.888393,-25.596579,13,10,160,63
34940,"Naples-Marco Island, FL",1,Midsized,,,,,,,,,,,,,,,,,,,,,,,,,,,,
34980,"Nashville-Davidson--Murfreesboro--Franklin, TN",1,Very Large,514856,514415,672401,574080,674439,751073,722106,689449,697027,807303,683836,495759,580870,340400,27202,104555,194718,257717,247024,269549,335400,302828,-55.716282,-9.7113895,77,14,106,40
35300,"New Haven-Milford, CT",1,Large,2786,2910,3972,3634,4224,4513,4541,5312,4679,5489,5277,2371,2675,1760,169,786,691,1238,967,843,152,0,-100,-100,164,46,164,46
35380,"New Orleans-Metairie, LA",1,Very Large,529303,510730,670196,577826,612404,610454,568664,534248,562038,638667,625494,474597,591461,330682,17747,53955,104669,174220,167378,166788,203132,225045,-64.02124,10.787567,127,34,8,3
35620,"New York-Newark-Jersey City, NY-NJ-PA",1,Very Large,5361056,4909568,5935484,5631037,5752088,6673542,7051614,7009755,5944175,6265302,5843970,4743328,5098343,2743626,165568,344368,636411,1059340,1271976,1215104,1507513,1532381,-73.778427,1.6496043,153,48,25,9
35840,"North Port-Sarasota-Bradenton, FL",1,Large,86181,84998,112475,98411,84066,86832,87176,81563,71180,89152,104131,106004,124528,92505,8125,27889,30549,36868,34941,38676,60904,60422,-41.975014,-.79140943,16,5,41,8
35980,"Norwich-New London, CT",1,Midsized,,,,,,,,,,,,,,,,,,,,,,,,,,,,
36100,"Ocala, FL",1,Midsized,,,,,,,,,,,,,,,,,,,,,,,,,,,,
36260,"Ogden-Clearfield, UT",1,Large,1281,1234,1313,1187,173,1252,1445,1324,1364,1197,1519,868,1092,723,,231,835,999,812,760,1111,1130,-25.608953,1.710171,5,3,24,4
36420,"Oklahoma City, OK",1,Very Large,151977,145734,180939,163194,191885,219469,220951,196814,185401,203049,185178,134693,147534,88933,11236,38368,60762,84632,82487,83795,92032,85945,-53.587898,-6.6140037,63,8,84,32
36500,"Olympia-Lacey-Tumwater, WA",1,Midsized,,,,,,,,,,,,,,,,,,,,,,,,,,,,
36540,"Omaha-Council Bluffs, NE-IA",1,Large,193098,189637,232059,194267,224342,252218,248961,221550,209802,229848,208520,176437,197967,112426,9110,33278,55978,84919,84551,87615,99429,89117,-57.262135,-10.37122,92,25,111,29
36740,"Orlando-Kissimmee-Sanford, FL",1,Very Large,2099677,1976245,2450873,2004988,1960764,2221187,2321031,2195958,1592534,2072737,2123184,1899687,2163062,1403740,77398,263375,529375,695980,667941,674120,915778,1017036,-52.098545,11.057047,53,4,7,2
37100,"Oxnard-Thousand Oaks-Ventura, CA",1,Large,,,,,,,,,,,,,,,,,,,,,,,,,,,,
37340,"Palm Bay-Melbourne-Titusville, FL",1,Large,25266,26115,32509,24462,23918,24527,24706,25250,20186,25246,24553,24803,27038,17348,2509,5998,4643,7662,8762,9079,12690,12333,-49.769886,-2.8132389,41,11,55,11
37860,"Pensacola-Ferry Pass-Brent, FL",1,Midsized,78821,78873,105833,93665,102551,120523,125787,116846,103035,106705,91638,69559,85667,58542,9386,26485,42998,61023,66565,51856,64089,59513,-35.056419,-7.1400709,11,8,88,35
37900,"Peoria, IL",1,Midsized,25272,26460,33791,27713,29335,36700,35777,28921,26550,29480,28055,24443,28592,17959,1829,8077,11408,14214,12079,12460,15124,13157,-53.102833,-13.005818,60,35,128,48
37980,"Philadelphia-Camden-Wilmington, PA-NJ-DE-MD",1,Very Large,856489,811590,1004354,980059,1019535,1217833,1256404,1245859,1047215,1130912,1044796,790957,870777,473876,47897,122498,195803,324737,380223,334831,398655,371310,-64.461006,-6.8593144,130,36,86,33
38060,"Phoenix-Mesa-Chandler, AZ",1,Very Large,1457399,1483538,1923173,1482776,1411885,1492844,1448036,1349722,1347183,1600730,1575593,1317672,1597150,1134999,167874,381983,524796,566947,571429,656175,841199,825087,-47.63324,-1.9153613,32,1,50,20
38300,"Pittsburgh, PA",1,Very Large,365523,356603,456996,394841,422013,497770,502404,473020,431072,477362,432235,327417,381196,218064,23830,69318,115961,145961,149713,146438,174501,157854,-63.479588,-9.539773,125,33,105,39
38860,"Portland-South Portland, ME ",1,Large,75522,73697,87168,79179,83988,112608,134361,142310,122392,121621,85994,64599,74911,42360,4060,10670,17147,36383,46690,40055,45520,31986,-62.804382,-29.731985,124,33,161,45
38900,"Portland-Vancouver-Hillsboro, OR-WA",1,Very Large,635361,602289,764666,643056,682889,880071,936086,934092,805270,810263,738501,565613,629106,335154,35512,97755,163581,245767,270336,251396,281929,249547,-66.208984,-11.48587,136,41,119,47
38940,"Port St. Lucie, FL",1,Midsized,,,,,,,,,,,,,,,,,,,,,,,,,,,,
39100,"Poughkeepsie-Newburgh-Middletown, NY",1,Large,25745,20266,24299,23622,28173,31843,33147,34783,19496,18366,16295,12114,13526,8028,516,1847,3438,1797,2266,2434,2233,1957,-87.990181,-12.360054,163,45,125,32
39300,"Providence-Warwick, RI-MA",1,Very Large,154811,153149,185696,170038,167263,187303,205204,205488,181228,205574,176604,133828,154468,83460,6072,19376,33596,43714,43138,42675,54421,47150,-73.301849,-13.360651,152,47,130,48
39340,"Provo-Orem, UT",1,Large,6785,7532,9205,7704,8832,9637,10694,10300,9472,10177,9087,7493,8746,5756,1103,4175,6043,7560,7370,6710,8867,7491,-17.563553,-15.518213,2,1,141,37
39580,"Raleigh-Cary, NC",1,Very Large,507964,483471,596801,558627,622489,730661,733138,706090,624905,691763,648005,469683,520294,298734,36993,78571,129288,185303,189941,188968,219651,217486,-66.437607,-.98565453,138,43,45,18
39740,"Reading, PA",1,Midsized,,143,200,60,254,179,,,135,217,145,,,139,,,,,,,,,,,,,,
39900,"Reno, NV",1,Midsized,171351,158454,198751,150431,155158,202353,218358,215339,207279,197975,161963,146883,172789,101996,9577,28093,50571,76536,95663,85782,90786,78243,-51.690819,-13.816007,50,32,133,49
40060,"Richmond, VA",1,Very Large,161178,157218,197621,176285,186988,210587,211780,215969,188943,212403,201026,148912,169597,99590,10743,24752,44455,69213,69099,66845,76374,75702,-62.342186,-.87988061,120,30,42,16
40140,"Riverside-San Bernardino-Ontario, CA",1,Very Large,365111,357461,448722,373245,311063,318647,320204,322249,309797,358095,391828,333358,392324,241781,22733,63783,94298,117381,128354,132760,166443,173870,-55.625938,4.4621882,76,13,16,5
40220,"Roanoke, VA",1,Midsized,26706,25869,33213,31405,32867,36471,35945,35017,34813,39954,35884,24926,28270,16807,2137,5374,8725,12862,13668,13313,15526,15513,-56.769035,-.083730519,88,46,33,15
40380,"Rochester, NY",1,Very Large,101611,101870,122844,111020,119087,123020,133309,131508,117187,130270,118403,93123,108852,59596,6318,16140,21733,28550,29838,28569,33779,32794,-72.30307,-2.916013,148,46,57,23
40420,"Rockford, IL",1,Midsized,11181,11529,19004,8688,7806,12500,12366,8708,7061,10911,9013,9884,14388,9460,469,5035,7154,7483,5138,5261,9330,7182,-20.3151,-23.022509,3,2,158,62
40900,"Sacramento--Roseville--Arden-Arcade, CA",1,Very Large,453221,426479,516630,482094,497099,596097,612871,580540,550876,573404,536733,422024,459288,251261,34787,90325,150836,206871,212722,215499,246190,235405,-56.141136,-4.3807631,81,17,65,25
41180,"St. Louis, MO-IL",1,Very Large,444069,432850,564210,469422,533081,612825,611960,550848,532217,581989,526237,402712,451276,257179,23421,83366,150561,208884,198950,198317,229801,203900,-61.253201,-11.271056,115,27,117,45
41420,"Salem, OR",1,Midsized,,,,,,,,,,,,,,,,,,,,,,,,,,,,
41500,"Salinas, CA",1,Midsized,16535,17110,19634,18850,20258,23650,24244,24034,23330,23428,21013,15394,18160,9958,1484,2879,4247,6362,6916,7488,8835,8217,-60.895638,-6.9949064,113,57,87,34
41540,"Salisbury, MD-DE",1,Midsized,5424,4692,5484,4945,5366,7073,7866,7649,7416,7538,6417,5062,5492,3112,395,1405,2214,3687,3624,3370,3547,3391,-47.155991,-4.3980827,30,20,66,26
41620,"Salt Lake City, UT",1,Very Large,703503,685590,829863,600645,628982,755184,793413,796815,736626,740462,641641,667675,766619,447641,46713,120203,194666,285146,311881,300664,335000,296773,-53.74781,-11.411045,65,10,118,46
41700,"San Antonio-New Braunfels, TX",1,Very Large,392904,365004,468164,401574,407258,500558,502518,445750,418476,459576,445672,339281,369409,219660,22209,63370,108073,121820,141220,150333,173795,172156,-61.371593,-.94306511,117,28,44,17
41740,"San Diego-Carlsbad, CA",1,Very Large,947787,891782,1104248,981445,971162,1196723,1256099,1222510,1076739,1109744,1048655,847239,937362,515593,42705,121942,227099,330108,360909,336671,374798,367469,-64.958069,-1.9554534,133,38,51,21
41860,"San Francisco-Oakland-Berkeley, CA",1,Very Large,2287213,2138882,2573405,2335160,2471940,3057404,3004017,3036861,2626921,2740937,2589862,1970417,2074931,1025287,94826,198508,343523,464801,504030,531750,632180,629975,-75.675346,-.34879306,158,52,36,13
41940,"San Jose-Sunnyvale-Santa Clara, CA",1,Very Large,497532,483278,574644,545905,554600,674134,668485,658470,630390,639937,605434,463982,496163,221192,18527,48333,92390,124007,126395,128562,143279,147465,-75.643089,2.9215727,157,51,18,7
42020,"San Luis Obispo-Paso Robles, CA",1,Midsized,18603,19074,23712,22053,22508,26549,25616,25723,25047,28070,25227,21002,24448,14827,1792,4992,7965,11400,12028,12769,13873,13056,-48.245926,-5.8891373,37,26,79,31
42100,"Santa Cruz-Watsonville, CA ",1,Midsized,,,,,,,,,,,,,,,,,,,,,,,,,,,,
42200,"Santa Maria-Santa Barbara, CA ",1,Midsized,35978,33646,40783,38594,42940,50266,52282,53288,53293,56633,52756,40390,46599,25292,1636,5305,9392,13845,15001,15540,18415,16201,-69.290695,-12.022807,143,62,121,44
42220,"Santa Rosa-Petaluma, CA ",1,Midsized,14519,13576,16715,15614,17802,23661,25917,26162,27069,22462,20088,15452,19142,9920,748,2436,4149,6165,6377,8633,9618,9114,-54.629631,-5.2401748,70,40,73,28
42340,"Savannah, GA",1,Midsized,89141,93496,136442,126520,134942,153911,157699,147228,115528,142610,129618,79968,98507,69100,5295,20035,34270,54989,53097,52008,64134,57859,-55.361908,-9.7842016,74,43,107,39
42540,"Scranton--Wilkes-Barre, PA ",1,Large,23641,22441,26774,26571,26417,28655,31245,30064,27344,28489,25634,20971,23424,13068,1886,5112,6297,7818,8221,8426,10285,8355,-67.40657,-18.765192,139,36,152,43
42660,"Seattle-Tacoma-Bellevue, WA",1,Very Large,1304169,1222731,1540372,1415776,1470336,1870447,2028480,2088449,1739368,1649631,1512328,1205904,1359699,623933,91545,225951,363444,502390,549129,541605,596333,537376,-64.466965,-9.88659,131,37,110,41
43340,"Shreveport-Bossier City, LA",1,Midsized,23826,23644,27896,25529,30378,35860,36904,31503,28834,31597,30608,23444,26499,15388,2309,6557,10496,15173,14628,15263,16008,15963,-47.84697,-.28110945,33,22,34,16
43620,"Sioux Falls, SD ",1,Midsized,47166,47740,54425,42650,47599,55370,57456,50674,48348,56816,53368,45466,55596,32761,2754,9992,16404,25345,24756,22850,29845,28116,-47.316746,-5.7932653,31,21,77,30
43780,"South Bend-Mishawaka, IN-MI",1,Midsized,30691,33021,42788,33071,32459,39445,41366,39028,37378,41368,39569,28216,36998,23242,2589,9511,11565,16231,18106,18690,23524,21782,-44.951855,-7.4052033,23,15,90,36
43900,"Spartanburg, SC",1,Midsized,93073,87684,107165,98248,105886,120830,119574,114295,112563,126440,116235,88259,96474,53521,5490,18520,28610,39253,43300,42834,47264,48016,-58.690582,1.591063,102,52,27,13
44060,"Spokane-Spokane Valley, WA",1,Large,145423,136730,169561,132014,145234,181173,196670,196161,178566,180530,169244,131007,148172,83458,11063,31433,53509,81875,91495,80714,89346,84012,-50.360428,-5.9700489,43,13,80,20
44140,"Springfield, MA",1,Large,,,,,,,,,,,,,,,,,,47,,,,,,,,,,
44180,"Springfield, MO",1,Midsized,42872,40670,50662,44968,58455,70429,73694,64546,57804,60128,53484,38968,42093,26717,3281,14423,21637,32293,30830,28241,32663,27755,-48.105976,-15.026176,36,25,140,53
44700,"Stockton, CA",1,Large,6451,6677,8680,7586,7866,8442,9111,8364,8352,8418,8790,6933,7193,4232,154,1603,3666,3560,2869,3287,4233,3783,-56.962456,-10.630758,90,24,114,30
45060,"Syracuse, NY",1,Large,93014,95382,113120,103742,107320,116119,132950,131667,114743,125505,113122,85140,104337,60604,4722,16917,23355,26846,29375,26247,34517,31929,-71.774719,-7.4977546,147,39,92,21
45220,"Tallahassee, FL",1,Midsized,36861,36997,42578,37605,39548,42814,41711,41958,41472,46051,44916,36967,41783,23656,3103,7119,10817,13849,15074,16118,18460,20607,-54.121025,11.630552,67,37,6,3
45300,"Tampa-St. Petersburg-Clearwater, FL",1,Very Large,976182,957434,1269093,1034602,922948,1036168,1056858,957242,777699,936114,990157,868404,1039045,737867,51411,186497,326038,383549,343125,336130,451846,491438,-50.367668,8.7622776,44,2,10,4
45780,"Toledo, OH",1,Large,10336,11567,14401,11794,9906,12021,12555,10320,8151,11163,10787,9046,11552,7914,754,3772,4506,5771,4300,4324,6621,6115,-43.311394,-7.6423502,20,7,95,22
45940,"Trenton-Princeton, NJ",1,Midsized,33200,30454,33681,31675,38536,40959,46123,44949,34365,41407,41362,30926,35609,18837,148,2701,4726,3685,2536,4908,6757,5506,-86.688263,-18.514133,162,65,151,57
46060,"Tucson, AZ",1,Very Large,158930,172879,202967,164426,156874,152940,145138,142723,138736,161079,168994,136416,174526,111763,11225,33670,47672,52370,56060,55893,71947,72500,-57.099068,.76862133,91,21,28,10
46140,"Tulsa, OK",1,Large,125639,121260,141196,126168,147550,167559,168537,148747,143861,159680,142148,109587,119451,65713,7142,26229,44564,65247,63109,63669,70578,67582,-52.456596,-4.2449489,59,18,63,14
46220,"Tuscaloosa, AL",1,Midsized,5099,5035,5709,5047,5670,6850,7019,6876,6610,7383,6836,5177,5773,3593,733,1325,1463,2255,2196,2270,2646,2774,-59.420715,4.8374906,106,54,13,7
46520,"Urban Honolulu, HI",1,Large,1171930,1053257,1212475,988558,1038182,1257505,1332591,1344402,1108837,1148410,1118965,1073703,1083694,681675,33757,67306,116131,173189,112629,77129,111126,189641,-83.052109,70.65403,161,44,1,1
46540,"Utica-Rome, NY",1,Midsized,306,297,380,352,348,472,597,684,544,425,245,260,284,186,22,39,70,158,183,179,145,76,-68.979591,-47.586208,142,61,163,65
46700,"Vallejo, CA ",1,Midsized,,,,,,,,,,,,,,,,,,,,,,,,,,,,
47260,"Virginia Beach-Norfolk-Newport News, VA-NC",1,Very Large,156706,148419,188833,175009,193453,237330,246032,240524,190869,208300,197167,145992,162022,95409,13004,36276,58369,85923,97296,85897,95451,93781,-52.435753,-1.7495888,58,7,48,19
47300,"Visalia, CA ",1,Midsized,,,,,,,,,,,,,,,,,,,,,,,,,,,,
47380,"Waco, TX",1,Midsized,3792,3897,4605,5156,5725,6231,6344,6179,5568,5819,6081,3398,4267,2731,204,972,1123,2007,2610,2452,3188,3164,-47.969086,-.75282311,35,24,40,18
47900,"Washington-Arlington-Alexandria, DC-VA-MD-WV",1,Very Large,1398938,1310144,1712261,1622073,1694348,2006217,1986118,1924985,1681598,1858901,1705900,1285109,1396934,759910,69122,144338,240088,338811,372949,368346,449334,427678,-74.929482,-4.8195772,155,49,69,26
48620,"Wichita, KS",1,Large,69162,64492,80217,68657,85153,94649,95917,82782,77992,86492,80476,63611,66872,41508,3986,14786,24670,33725,35051,36383,41972,38729,-51.875092,-7.7265797,51,16,96,23
48900,"Wilmington, NC",1,Midsized,41134,37899,45505,45882,49757,56298,57684,57129,50037,52827,48668,37019,41518,22983,2446,9398,12249,21937,23147,23190,25271,22229,-54.325226,-12.037514,68,38,122,45
49180,"Winston-Salem, NC",1,Large,,,,,,,,,,,,,,,,,,,,,,,,,,,,
49340,"Worcester, MA-CT",1,Large,8260,8528,9504,8348,8199,8130,8814,9657,7647,9787,9034,7124,7992,4443,184,500,386,432,424,383,,,,,,,,
49420,"Yakima, WA",1,Midsized,6734,5989,6343,4484,4631,5831,5780,5695,5340,5885,6755,6272,6472,3056,256,536,968,1119,1527,2241,2747,2708,-59.911179,-1.4197307,110,56,47,20
49620,"York-Hanover, PA",1,Midsized,,,,,,,,,,,,,,,,,,,,,,,,,,,,
49660,"Youngstown-Warren-Boardman, OH-PA",1,Large,260,172,144,141,139,206,245,225,183,112,,,,,,,,,,,,,,,,,,
